time,open,high,low,close,volume
1/3/2017,8.28,8.51,8.26,8.47,1300330
1/4/2017,8.47,8.56,8.41,8.47,1224340
1/5/2017,8.49,8.53,8.45,8.49,565830
1/6/2017,8.49,8.77,8.49,8.58,2995300
1/9/2017,8.58,8.7,8.58,8.66,886970
1/10/2017,8.66,8.66,8.56,8.6,870950
1/11/2017,8.58,8.62,8.53,8.58,1121780
1/12/2017,8.6,8.66,8.58,8.64,1161780
1/13/2017,8.62,8.75,8.6,8.66,1747710
1/16/2017,8.62,8.75,8.62,8.62,1108470
1/17/2017,8.64,8.7,8.58,8.7,1113850
1/18/2017,8.7,8.75,8.62,8.62,667990
1/19/2017,8.53,8.62,8.51,8.51,620810
1/20/2017,8.53,8.58,8.51,8.51,935820
1/23/2017,8.51,8.51,8.43,8.45,1468570
1/24/2017,8.45,8.53,8.43,8.47,883940
1/25/2017,8.53,8.56,8.49,8.53,581370
2/2/2017,8.62,8.72,8.56,8.72,1000230
2/3/2017,8.75,8.75,8.64,8.66,1166140
2/6/2017,8.68,8.75,8.64,8.68,794960
2/7/2017,8.72,8.85,8.68,8.83,3150060
2/8/2017,8.85,8.87,8.72,8.83,945220
2/9/2017,8.87,8.87,8.77,8.79,742300
2/10/2017,8.79,8.83,8.77,8.79,749990
2/13/2017,8.83,8.98,8.83,8.96,2343770
2/14/2017,8.96,9.02,8.91,8.91,2081730
2/15/2017,8.89,8.98,8.85,8.96,1057850
2/16/2017,9.04,9.06,8.79,8.83,1972960
2/17/2017,8.83,8.89,8.79,8.89,1025850
2/20/2017,8.89,8.96,8.83,8.89,921320
2/21/2017,8.94,8.96,8.85,8.89,1494150
2/22/2017,8.87,9.27,8.83,9.1,4351610
2/23/2017,9.1,9.21,9,9.13,1157830
2/24/2017,9.13,9.13,8.98,9,1136850
2/27/2017,8.94,9.08,8.89,9,1638330
2/28/2017,9.06,9.19,8.96,8.96,1784580
3/1/2017,8.96,8.98,8.81,8.96,1160570
3/2/2017,8.94,9,8.75,8.75,1028090
3/3/2017,8.87,8.89,8.72,8.79,799130
3/6/2017,8.79,8.96,8.79,8.87,890510
3/7/2017,8.83,8.87,8.79,8.87,834030
3/8/2017,8.87,9.04,8.79,8.87,1127560
3/9/2017,8.89,9.15,8.85,9.08,3902000
3/10/2017,9.17,9.21,9.02,9.02,1574500
3/13/2017,9.04,9.06,8.94,9.04,1150100
3/14/2017,9.06,9.13,9.04,9.04,1093080
3/15/2017,9,9.06,8.96,9,1195640
3/16/2017,8.98,9.42,8.98,9.42,6659800
3/17/2017,9.57,9.78,9.46,9.61,9070330
3/20/2017,9.8,9.89,9.67,9.72,3333090
3/21/2017,9.67,9.78,9.61,9.72,3847730
3/22/2017,9.67,9.86,9.53,9.53,5104610
3/23/2017,9.59,9.67,9.51,9.61,2268380
3/24/2017,9.72,9.84,9.65,9.74,2920910
3/27/2017,9.8,10.03,9.78,9.91,5984120
3/28/2017,9.93,10.01,9.82,9.91,2745290
3/29/2017,9.91,9.95,9.8,9.95,2124740
3/30/2017,9.99,10.1,9.95,10.08,2809520
3/31/2017,10.1,10.2,10.01,10.08,2850650
4/3/2017,10.05,10.29,10.03,10.22,3632730
4/4/2017,10.22,10.33,10.01,10.05,4230660
4/5/2017,10.05,10.22,9.72,9.72,6113360
4/7/2017,9.72,9.89,9.61,9.8,2801050
4/10/2017,9.8,10.12,9.67,10.1,3143710
4/11/2017,10.1,10.16,9.97,9.97,2603630
4/12/2017,9.93,9.97,9.7,9.7,2867200
4/13/2017,9.67,9.76,9.51,9.51,2224180
4/14/2017,9.42,9.51,9.25,9.38,4133690
4/17/2017,9.4,9.53,9.23,9.23,2048430
4/18/2017,9.25,9.55,9.21,9.53,3279910
4/19/2017,9.53,9.53,9.4,9.4,1996620
4/20/2017,9.44,9.51,9.38,9.44,1024760
4/21/2017,9.61,9.65,9.44,9.44,2587880
4/24/2017,9.44,9.46,9.29,9.29,1192990
4/25/2017,9.29,9.42,9.25,9.36,852420
4/26/2017,9.4,9.51,9.36,9.46,1465610
4/27/2017,9.46,9.55,9.4,9.4,1153630
4/28/2017,9.34,9.44,9.25,9.25,3439980
5/3/2017,9.29,9.42,9.25,9.36,2112110
5/4/2017,9.44,9.67,9.42,9.55,3247230
5/5/2017,9.55,9.57,9.46,9.51,1392180
5/8/2017,9.55,9.72,9.44,9.72,3767560
5/9/2017,9.8,10.12,9.74,10.05,5663000
5/10/2017,10.27,10.35,9.95,9.95,5146330
5/11/2017,10.01,10.24,9.97,10.01,3995460
5/12/2017,10.14,10.18,9.89,9.93,3418570
5/15/2017,9.93,10.27,9.93,10.14,4504810
5/16/2017,10.31,10.46,10.01,10.01,4042840
5/17/2017,9.97,10.2,9.97,10.18,3230800
5/18/2017,10.12,10.6,10.1,10.35,10303810
5/19/2017,10.44,10.98,10.33,10.98,9441840
5/22/2017,11.15,11.26,10.88,10.88,5328400
5/23/2017,10.79,11.09,10.73,10.73,7999540
5/24/2017,10.82,11.36,10.69,11.07,6557520
5/25/2017,11.32,11.41,11.09,11.09,5746950
5/26/2017,11.11,11.2,10.94,10.98,3615990
5/29/2017,11.11,11.24,10.9,10.9,3751650
5/30/2017,10.9,10.9,10.44,10.46,7680150
5/31/2017,10.46,10.65,10.37,10.48,4782800
6/1/2017,10.54,10.6,10.48,10.52,1888560
6/2/2017,10.54,10.98,10.46,10.9,5519180
6/5/2017,10.94,10.98,10.69,10.69,2811740
6/6/2017,10.75,10.86,10.67,10.82,2952940
6/7/2017,10.9,11.09,10.88,10.92,4110110
6/8/2017,10.98,11.15,10.88,11.01,3599060
6/9/2017,11.07,11.24,11.03,11.09,3427850
6/12/2017,11.15,11.24,11.05,11.11,3962400
6/13/2017,11.11,11.3,11.09,11.24,3306640
6/14/2017,11.36,11.36,11.15,11.2,3100170
6/15/2017,11.2,11.26,11.13,11.15,3162870
6/16/2017,11.15,11.32,11.13,11.24,5066760
6/19/2017,11.36,11.74,11.32,11.7,6069550
6/20/2017,11.87,11.89,11.62,11.64,5364220
6/21/2017,11.58,11.66,11.45,11.58,5752750
6/22/2017,11.68,11.68,11.49,11.55,3594520
6/23/2017,11.62,11.62,11.36,11.53,4040440
6/26/2017,11.53,11.66,11.53,11.6,2680120
6/27/2017,11.62,11.64,11.39,11.39,2752530
6/28/2017,11.39,11.58,11.34,11.58,3526870
6/29/2017,11.62,11.72,11.55,11.62,2457240
6/30/2017,11.64,11.68,11.58,11.68,2278220
7/3/2017,11.83,11.93,11.74,11.81,5285670
7/4/2017,11.85,11.93,11.81,11.93,3945450
7/5/2017,11.93,11.98,11.87,11.96,2157440
7/6/2017,12.12,12.25,12.08,12.08,3921060
7/7/2017,12.06,12.06,11.45,11.62,8004690
7/10/2017,11.62,11.66,11.26,11.26,6248380
7/11/2017,11.26,11.34,11.07,11.32,4365510
7/12/2017,11.41,11.47,11.22,11.24,2688120
7/13/2017,11.22,11.28,11.2,11.26,2098440
7/14/2017,11.3,11.51,11.28,11.32,4038140
7/17/2017,11.36,11.36,10.79,10.86,4984560
7/18/2017,10.82,10.86,10.6,10.67,4271440
7/19/2017,10.79,10.84,10.6,10.65,3402230
7/20/2017,10.6,10.71,10.48,10.69,5627150
7/21/2017,10.86,10.86,10.54,10.73,4105620
7/24/2017,10.56,10.65,10.46,10.46,2785230
7/25/2017,10.46,10.67,10.41,10.67,2942910
7/26/2017,10.71,10.84,10.65,10.82,4324720
7/27/2017,10.82,10.88,10.75,10.79,3620350
7/28/2017,10.77,10.98,10.75,10.92,3213330
7/31/2017,10.94,11.13,10.92,11.11,4547380
8/1/2017,11.17,11.28,10.98,10.98,4487850
8/2/2017,10.94,11.05,10.82,10.88,4390170
8/3/2017,10.9,11.07,10.9,10.96,3366750
8/4/2017,11.07,11.15,11.01,11.15,3367330
8/7/2017,11.26,11.32,11.13,11.13,4241210
8/8/2017,11.15,11.15,10.94,10.98,4126450
8/9/2017,10.94,10.94,10.6,10.67,4776350
8/10/2017,10.56,10.73,10.56,10.65,3161970
8/11/2017,10.67,10.73,10.56,10.58,2820050
8/14/2017,10.58,10.73,10.58,10.69,1485350
8/15/2017,10.77,10.77,10.58,10.63,1489860
8/16/2017,10.58,10.67,10.58,10.63,2517880
8/17/2017,10.67,10.67,10.39,10.39,3983210
8/18/2017,10.35,10.58,10.31,10.5,4147990
8/21/2017,10.5,10.52,10.33,10.33,2181090
8/22/2017,10.33,10.35,10.14,10.14,3569570
8/23/2017,10.18,10.27,10.08,10.27,3220320
8/24/2017,10.22,10.39,10.22,10.29,2527440
8/25/2017,10.37,10.44,10.29,10.41,2255190
8/28/2017,10.44,10.65,10.35,10.63,4638200
8/29/2017,10.65,10.67,10.52,10.52,2728450
8/30/2017,10.52,10.56,10.48,10.5,1662960
8/31/2017,10.48,10.63,10.46,10.58,3062070
9/1/2017,10.58,10.69,10.58,10.65,2119210
9/5/2017,10.6,10.69,10.5,10.6,1729240
9/6/2017,10.6,10.63,10.52,10.56,1730160
9/7/2017,10.56,10.71,10.54,10.58,2018750
9/8/2017,10.6,10.65,10.54,10.54,1520010
9/11/2017,10.5,10.58,10.41,10.44,2314020
9/12/2017,10.44,10.48,10.39,10.44,1704890
9/13/2017,10.48,10.58,10.46,10.58,1778620
9/14/2017,10.65,10.86,10.63,10.75,4068280
9/15/2017,10.75,10.82,10.69,10.82,2947640
9/18/2017,10.84,11.01,10.77,10.9,4147740
9/19/2017,10.94,10.96,10.86,10.9,2288850
9/20/2017,10.92,10.92,10.75,10.77,1488560
9/21/2017,10.77,10.84,10.71,10.71,2634790
9/22/2017,10.77,10.86,10.73,10.77,1799610
9/25/2017,10.82,10.9,10.73,10.73,1957240
9/26/2017,10.79,10.79,10.71,10.73,1600660
9/27/2017,10.73,10.79,10.71,10.73,790510
9/28/2017,10.73,10.79,10.56,10.56,1773660
9/29/2017,10.56,10.65,10.56,10.58,1668120
10/2/2017,10.58,10.67,10.54,10.56,798050
10/3/2017,10.58,10.58,10.44,10.52,1434940
10/4/2017,10.52,10.6,10.48,10.6,1351090
10/5/2017,10.65,10.84,10.6,10.79,3224300
10/6/2017,10.82,10.9,10.77,10.79,2350450
10/9/2017,10.99,11.01,10.88,10.88,3954240
10/10/2017,10.86,10.86,10.75,10.79,2785450
10/11/2017,10.9,10.93,10.82,10.86,3054990
10/12/2017,10.86,10.9,10.71,10.71,2537430
10/13/2017,10.68,10.73,10.64,10.71,1686550
10/16/2017,10.71,10.75,10.68,10.73,1821810
10/17/2017,10.73,10.9,10.71,10.9,2378250
10/18/2017,10.99,11.1,10.93,10.93,7487940
10/19/2017,10.95,10.99,10.77,10.77,2360570
10/20/2017,10.77,10.88,10.68,10.68,2588670
10/23/2017,10.64,10.64,10.38,10.38,4844710
10/24/2017,10.4,10.44,10.27,10.27,3195190
10/25/2017,10.38,10.38,10.27,10.29,1940490
10/26/2017,10.29,10.33,10.02,10.2,3117300
10/27/2017,10.11,10.2,10.07,10.2,1703920
10/30/2017,10.24,10.29,10.05,10.05,2919480
10/31/2017,10.02,10.11,9.94,9.94,2300130
11/1/2017,9.94,9.98,9.63,9.76,4748180
11/2/2017,9.89,10.11,9.85,9.91,4224030
11/3/2017,9.89,10.02,9.89,10.02,1445110
11/6/2017,10.02,10.16,10.02,10.16,1455830
11/7/2017,10.2,10.2,10.07,10.11,1751460
11/8/2017,10.11,10.16,10.07,10.13,1688320
11/9/2017,10.16,10.31,10.16,10.27,2422140
11/10/2017,10.22,10.31,10.18,10.24,1729980
11/13/2017,10.24,10.57,10.18,10.57,3562920
11/14/2017,10.64,10.77,10.44,10.68,2988570
11/15/2017,10.55,10.73,10.55,10.66,2064670
11/16/2017,10.6,10.82,10.55,10.82,3823680
11/17/2017,10.86,10.9,10.66,10.77,3145030
11/20/2017,10.73,10.9,10.71,10.82,2020940
11/21/2017,10.84,11.21,10.84,11.04,7980790
11/22/2017,11.08,11.26,11.04,11.19,4469450
11/23/2017,11.28,11.37,11.12,11.21,4370900
11/24/2017,11.21,11.26,11.08,11.21,3049650
11/27/2017,11.3,11.54,11.26,11.43,5689130
11/28/2017,11.52,11.52,11.3,11.43,3750360
11/29/2017,11.87,12.09,11.7,11.7,7091470
11/30/2017,11.78,12,11.72,11.83,4363400
12/1/2017,11.85,12.27,11.8,12.11,6156170
12/4/2017,12.22,12.88,12.16,12.79,6806200
12/5/2017,12.75,12.79,12.31,12.4,6557080
12/6/2017,12.35,12.4,11.85,12.29,8655410
12/7/2017,12.29,12.31,11.83,11.91,5225010
12/8/2017,11.96,12.13,11.8,11.96,3859820
12/11/2017,11.83,11.91,11.34,11.34,4164300
12/12/2017,11.43,11.63,10.93,11.63,5025080
12/13/2017,11.63,11.7,11.41,11.52,2998760
12/14/2017,11.5,11.74,11.5,11.72,2149240
12/15/2017,11.83,12.05,11.63,11.91,4526560
12/18/2017,12.13,12.2,12,12.09,4340510
12/19/2017,12.18,12.38,12.13,12.24,6370700
12/20/2017,12.31,12.51,12.22,12.31,4275100
12/21/2017,12.31,12.42,12.13,12.13,3513330
12/22/2017,12.05,12.24,11.98,12.11,2724100
12/25/2017,12.13,12.35,12.13,12.24,2111030
12/26/2017,12.31,12.4,12.27,12.31,5812250
12/27/2017,12.33,12.42,12.18,12.18,4074240
12/28/2017,12.29,12.64,12.24,12.6,5966090
12/29/2017,12.77,12.9,12.62,12.66,8515590
1/2/2018,12.71,12.88,12.71,12.79,4495320
1/3/2018,12.88,13.28,12.84,13.28,10288870
1/4/2018,13.32,13.41,13.19,13.23,7008620
1/5/2018,13.28,13.32,12.71,12.71,8352050
1/8/2018,12.71,12.97,12.57,12.97,8373690
1/9/2018,13.19,13.28,12.9,13.1,5444200
1/10/2018,13.26,13.54,13.15,13.34,10488420
1/11/2018,13.34,13.39,13.1,13.32,6501660
1/12/2018,13.41,13.96,13.32,13.76,12631800
1/15/2018,13.81,14.16,13.54,14.05,6137200
1/16/2018,13.89,14.11,13.74,14,7478000
1/17/2018,13.98,14.05,13.41,13.41,9686960
1/18/2018,13.23,13.85,13.06,13.85,7995830
1/19/2018,13.94,14.4,13.85,14.29,9547150
1/22/2018,14.51,15.08,14.42,15.04,10543620
1/23/2018,15.04,15.04,15.04,15.04,0
1/24/2018,15.04,15.04,15.04,15.04,0
1/25/2018,14.95,15.96,14.95,15.56,12487460
1/26/2018,15.7,15.96,15.17,15.52,7800330
1/29/2018,15.52,16.31,15.48,16.09,5129430
1/30/2018,15.65,16.11,15.61,16.05,8691900
1/31/2018,16.05,16.25,14.99,14.99,7354310
2/1/2018,15.39,15.61,14.99,15.19,6872490
2/2/2018,15.3,15.54,15.17,15.43,3569790
2/5/2018,14.95,15.26,14.35,14.35,9615070
2/6/2018,13.37,14.2,13.37,13.72,12223040
2/7/2018,14.6,14.66,14.33,14.51,5380150
2/8/2018,14.16,14.51,13.89,13.89,2490480
2/9/2018,13.15,13.89,13.15,13.89,5374370
2/12/2018,14.38,14.77,14.25,14.77,4601160
2/13/2018,14.86,15.17,14.86,15.01,3788310
2/21/2018,15.17,15.65,15.1,15.43,5567150
2/22/2018,15.21,15.45,14.97,15.12,4411070
2/23/2018,15.26,15.52,15.15,15.48,4271290
2/26/2018,15.83,15.92,15.41,15.41,7218640
2/27/2018,15.52,15.59,15.32,15.52,4419640
2/28/2018,15.39,16.22,15.28,16.22,9313900
3/1/2018,16.22,16.91,16.18,16.62,8972120
3/2/2018,16.4,16.82,16.22,16.71,6267180
3/5/2018,16.88,17.12,15.54,15.54,8925540
3/6/2018,15.94,16.62,15.74,16.62,7628590
3/7/2018,16.71,17.1,16.4,16.8,8682010
3/8/2018,16.75,16.8,16.49,16.77,5641340
3/9/2018,17.1,17.34,16.91,17.06,9301060
3/12/2018,17.28,17.34,16.84,16.88,4999020
3/13/2018,16.97,17.37,16.84,17.37,5269610
3/14/2018,17.52,17.56,17.23,17.23,4990260
3/15/2018,17.1,17.3,17.06,17.26,4764650
3/16/2018,17.37,18.09,17.32,18.03,14370650
3/19/2018,18.25,18.38,17.81,18.03,5351810
3/20/2018,17.76,18.33,17.76,18.05,5022610
3/21/2018,18.18,18.2,17.85,18,5884400
3/22/2018,18.16,18.18,17.7,17.72,6711150
3/23/2018,17.19,17.41,16.75,17.41,9963470
3/26/2018,17.28,17.72,17.23,17.67,4121060
3/27/2018,17.98,18.07,17.5,17.59,5638950
3/28/2018,17.39,17.59,17.28,17.37,3125890
3/29/2018,17.39,17.48,17.08,17.15,3861330
3/30/2018,17.21,17.23,16.8,17.15,4561950
4/2/2018,17.37,17.96,17.28,17.94,6731550
4/3/2018,17.94,18.71,17.81,18.55,12295680
4/4/2018,18.91,18.99,18.42,18.42,6024780
4/5/2018,18.55,18.62,18.29,18.42,4500600
4/6/2018,18.47,18.75,18.36,18.42,6142670
4/9/2018,18.47,19.48,18.42,19.48,9138680
4/10/2018,19.39,19.52,18.93,19.13,6851810
4/11/2018,19.17,19.21,18.33,18.38,8254090
4/12/2018,18.25,18.66,17.94,18.47,6199070
4/13/2018,18.69,18.69,18.07,18.16,3210960
4/16/2018,18.07,18.55,17.63,18.2,3355220
4/17/2018,18.25,18.47,17.98,18.47,2444350
4/18/2018,18.55,18.69,18.25,18.25,3774190
4/19/2018,18.03,18.29,17.78,17.85,5077900
4/20/2018,17.85,18.47,17.61,18.47,4445130
4/23/2018,18.42,18.51,17.19,17.19,5811840
4/24/2018,17.15,17.23,16.44,16.44,4821750
4/26/2018,16.44,16.47,15.3,15.3,10854440
4/27/2018,15.08,16.14,15.08,15.83,5390690
5/2/2018,15.96,16.03,15.26,15.3,3753890
5/3/2018,15.08,15.56,14.38,15.39,5248480
5/4/2018,15.61,15.65,14.99,15.06,2624670
5/7/2018,15.34,16.07,14.95,16,3820060
5/8/2018,15.83,16.18,15.74,15.74,3875690
5/9/2018,15.7,15.92,15.56,15.74,3990570
5/10/2018,15.61,15.72,14.95,15.08,3909990
5/11/2018,14.95,15.21,14.64,15.21,5007300
5/14/2018,15.39,15.56,15.12,15.39,3544440
5/15/2018,15.52,15.81,15.43,15.61,3927810
5/16/2018,15.43,15.61,15.04,15.17,3220940
5/17/2018,15.21,15.34,14.77,14.77,4449330
5/18/2018,14.95,15.01,14.07,14.51,4498370
5/21/2018,14.64,14.73,14.07,14.07,3716910
5/22/2018,13.63,14.16,13.1,13.21,7843100
5/23/2018,13.19,13.72,13.1,13.72,6944590
5/24/2018,13.63,13.83,13.34,13.39,2976910
5/25/2018,13.39,13.7,12.97,12.97,4587060
5/28/2018,12.97,12.97,12.07,12.09,9055430
5/29/2018,12.53,12.93,12.22,12.93,5068460
5/30/2018,12.84,13.41,12.84,13.17,5761840
5/31/2018,13.15,14.07,13.01,14.07,8063970
6/1/2018,14.07,14.46,13.98,14.22,9046480
6/4/2018,14.2,14.82,13.89,14.68,5630880
6/5/2018,14.6,14.75,14.35,14.73,6196020
6/6/2018,14.55,14.95,14.42,14.9,4421630
6/7/2018,14.95,14.97,14.64,14.66,5372030
6/8/2018,14.6,14.95,14.51,14.95,4475060
6/11/2018,14.71,15.34,14.68,14.97,4555630
6/12/2018,14.82,14.99,14.29,14.77,7677610
6/13/2018,14.82,14.95,14.68,14.93,3136880
6/14/2018,14.93,15.08,14.33,14.33,4628600
6/15/2018,14.29,14.73,14.11,14.73,3949840
6/18/2018,14.51,14.73,13.72,13.74,6435560
6/19/2018,13.23,13.63,12.79,13.63,9326040
6/20/2018,13.65,14.03,13.37,13.85,3487980
6/21/2018,13.65,13.76,13.41,13.59,3112150
6/22/2018,13.32,13.94,13.23,13.89,3531350
6/25/2018,14.16,14.16,13.89,13.92,2553490
6/26/2018,13.63,13.89,13.61,13.81,1802400
6/27/2018,13.81,13.94,13.06,13.06,3300080
6/28/2018,12.88,13.1,12.53,12.53,5743020
6/29/2018,12.57,12.84,12.4,12.53,2276350
7/2/2018,12.31,12.49,11.7,12.09,7545540
7/3/2018,12.18,12.24,11.34,11.34,6402640
7/4/2018,11.43,12,11.08,11.98,4230790
7/5/2018,11.87,12.02,11.26,11.8,3160930
7/6/2018,11.8,12.62,11.56,12.57,7565200
7/9/2018,12.6,12.75,12.13,12.22,3251740
7/10/2018,12.22,12.46,12.13,12.16,2492760
7/11/2018,11.67,11.8,11.34,11.43,5866130
7/12/2018,11.43,11.89,11.34,11.48,2497850
7/13/2018,11.78,12.09,11.52,12.07,3549250
7/16/2018,12.09,12.24,11.89,12,2512090
7/17/2018,11.87,12.27,11.76,12.22,3557820
7/18/2018,12.4,12.86,12.33,12.84,5804510
7/19/2018,12.75,12.93,12.62,12.71,3803880
7/20/2018,12.55,12.82,12.33,12.82,4836970
7/23/2018,12.66,12.84,12.38,12.38,4456950
7/24/2018,12.38,12.4,11.94,12.05,2972580
7/25/2018,12.05,12.22,11.65,11.65,2881830
7/26/2018,11.65,12.18,11.56,12.18,3738410
7/27/2018,12.27,12.44,12.16,12.27,2850300
7/30/2018,12.35,12.57,12.27,12.57,3994720
7/31/2018,12.57,12.84,12.4,12.71,7063700
8/1/2018,12.71,13.15,12.66,12.75,5047960
8/2/2018,12.57,12.9,12.44,12.9,4689220
8/3/2018,13.06,13.06,12.73,12.77,2786470
8/6/2018,12.71,12.84,12.49,12.57,2069160
8/7/2018,12.53,12.82,12.49,12.73,2260180
8/8/2018,12.82,13.01,12.75,12.99,2793790
8/9/2018,13.06,13.37,13.01,13.01,4278160
8/10/2018,13.01,13.34,12.95,13.32,3668530
8/13/2018,13.23,13.85,13.17,13.85,4756890
8/14/2018,13.76,13.81,13.59,13.63,3465660
8/15/2018,13.63,13.67,13.1,13.19,3465340
8/16/2018,13.1,13.12,12.77,13.1,3722080
8/17/2018,13.32,13.37,13.06,13.06,3043490
8/20/2018,13.06,13.15,12.79,12.82,2369080
8/21/2018,12.82,13.45,12.82,13.45,4029440
8/22/2018,13.59,13.59,13.28,13.28,2648670
8/23/2018,13.3,13.5,13.23,13.43,2055630
8/24/2018,13.43,13.5,13.19,13.28,2811160
8/27/2018,13.41,13.74,13.37,13.56,4427800
8/28/2018,13.63,14.03,13.61,13.94,7117300
8/29/2018,13.85,14.05,13.74,14.03,4251020
8/30/2018,13.92,14.18,13.81,14.18,4361960
8/31/2018,14,14.18,13.89,13.89,3029690
9/4/2018,13.76,13.89,13.48,13.5,3231530
9/5/2018,13.41,13.61,13.28,13.59,3701410
9/6/2018,13.52,13.63,13.45,13.59,2061300
9/7/2018,13.59,13.85,13.56,13.85,3928320
9/10/2018,13.76,13.89,13.74,13.76,2590800
9/11/2018,13.67,14.16,13.67,14.16,5786190
9/12/2018,14.27,14.29,13.94,13.94,4418180
9/13/2018,14.05,14.16,13.94,13.98,2672170
9/14/2018,13.98,14.25,13.98,14.11,3169020
9/17/2018,13.98,14.09,13.76,13.76,2156240
9/18/2018,13.63,14.07,13.54,14.07,3436290
9/19/2018,14.16,14.25,14.07,14.18,4606830
9/20/2018,14.16,14.42,14.14,14.33,4587420
9/21/2018,14.51,14.6,14.35,14.46,7085490
9/24/2018,14.62,14.66,14.49,14.57,3011110
9/25/2018,14.49,14.64,14.42,14.49,3284420
9/26/2018,14.46,14.68,14.46,14.51,2945320
9/27/2018,14.6,14.86,14.51,14.77,4349150
9/28/2018,14.82,14.86,14.73,14.73,3238680
10/1/2018,14.73,14.77,14.55,14.6,2718800
10/2/2018,14.53,14.71,14.49,14.53,2987970
10/3/2018,14.6,14.66,14.51,14.66,2595250
10/4/2018,14.82,15.09,14.73,15.09,3749870
10/5/2018,14.96,15.09,14.78,14.78,3497780
10/8/2018,14.69,14.89,14.57,14.75,2493570
10/9/2018,14.75,14.87,14.71,14.8,1334060
10/10/2018,14.82,14.87,14.5,14.78,2429860
10/11/2018,14.14,14.46,13.76,13.76,9927880
10/12/2018,13.64,14.1,13.35,14.03,4954220
10/15/2018,14.03,14.03,13.67,13.73,1845760
10/16/2018,13.78,13.82,13.6,13.76,2143320
10/17/2018,14.01,14.03,13.87,13.96,2565980
10/18/2018,13.82,13.96,13.73,13.78,2044470
10/19/2018,13.55,13.82,13.46,13.67,2307550
10/22/2018,13.82,13.92,13.6,13.6,2307270
10/23/2018,13.37,13.51,12.94,13.14,4487910
10/24/2018,13.14,13.3,12.83,12.83,4276680
10/25/2018,12.01,12.78,12.01,12.69,4115970
10/26/2018,12.85,12.92,12.49,12.49,2485300
10/29/2018,12.46,12.49,12.28,12.42,1971190
10/30/2018,12.46,12.76,12.31,12.46,1967410
10/31/2018,12.69,13.05,12.62,12.99,2418880
11/1/2018,13.03,13.05,12.67,12.69,2372190
11/2/2018,12.8,13.14,12.74,13.05,3357100
11/5/2018,12.87,13.19,12.83,13.1,1836910
11/6/2018,13.19,13.24,12.96,12.96,2015480
11/7/2018,12.96,13.03,12.71,12.92,1878310
11/8/2018,13.14,13.14,12.99,12.99,1772080
11/9/2018,12.92,12.96,12.6,12.6,1537960
11/12/2018,12.46,12.83,12.37,12.83,1881680
11/13/2018,12.46,12.76,12.46,12.62,1201380
11/14/2018,12.62,12.78,12.4,12.6,1152590
11/15/2018,12.6,12.65,12.4,12.51,1109230
11/16/2018,12.6,12.69,12.46,12.56,1419440
11/19/2018,12.65,12.92,12.65,12.92,2127510
11/20/2018,12.76,12.9,12.76,12.87,1348260
11/21/2018,12.69,13.1,12.65,13.1,1622010
11/22/2018,13.1,13.14,12.94,12.99,1187210
11/23/2018,12.99,12.99,12.65,12.65,1364180
11/26/2018,12.56,12.67,12.56,12.6,1112650
11/27/2018,12.67,12.78,12.6,12.67,1626230
11/28/2018,12.67,12.78,12.58,12.78,1561150
11/29/2018,12.92,13.03,12.8,12.83,2115370
11/30/2018,12.8,12.92,12.76,12.92,1080940
12/3/2018,13.19,13.44,13.14,13.44,3666920
12/4/2018,13.37,13.48,13.26,13.35,2144650
12/5/2018,13.19,13.42,13.14,13.37,2978510
12/6/2018,13.33,13.42,13.28,13.33,2552240
12/7/2018,13.37,13.55,13.37,13.44,2214580
12/10/2018,13.28,13.37,13.26,13.26,1061320
12/11/2018,13.26,13.33,13.17,13.21,850740
12/12/2018,13.3,13.44,13.24,13.44,947590
12/13/2018,13.51,13.6,13.46,13.46,1923340
12/14/2018,13.33,13.44,13.28,13.28,1195470
12/17/2018,13.19,13.26,12.94,12.94,1604620
12/18/2018,12.6,12.94,12.6,12.78,1975390
12/19/2018,12.9,12.9,12.65,12.74,1349430
12/20/2018,12.71,12.92,12.67,12.76,925300
12/21/2018,12.69,12.69,12.62,12.62,1345330
12/24/2018,12.6,12.69,12.19,12.24,2087580
12/25/2018,11.99,12.19,11.69,12.17,2802250
12/26/2018,12.15,12.28,12.06,12.08,1110080
12/27/2018,12.33,12.44,12.24,12.24,1206330
12/28/2018,12.24,12.28,12.06,12.08,1071830
1/2/2019,12.1,12.19,11.9,12.01,1216350
1/3/2019,12.01,12.01,11.67,11.78,1672220
1/4/2019,11.78,11.88,11.54,11.78,1232910
1/7/2019,12.15,12.15,11.81,11.81,735500
1/8/2019,11.85,11.85,11.63,11.65,1306960
1/9/2019,11.78,11.83,11.65,11.67,1650530
1/10/2019,11.65,11.76,11.58,11.58,1212750
1/11/2019,11.65,11.92,11.65,11.85,1820470
1/14/2019,11.88,11.88,11.69,11.69,776770
1/15/2019,11.69,11.81,11.67,11.78,995860
1/16/2019,11.81,11.83,11.63,11.67,1467160
1/17/2019,11.67,11.69,11.4,11.42,1852510
1/18/2019,11.42,11.49,11.29,11.4,1521200
1/21/2019,11.4,11.74,11.4,11.6,1700870
1/22/2019,11.6,11.74,11.58,11.58,1156270
1/23/2019,11.51,11.65,11.47,11.54,1188790
1/24/2019,11.65,11.69,11.56,11.58,1224550
1/25/2019,11.58,11.92,11.58,11.88,2422010
1/28/2019,11.88,11.94,11.76,11.81,1266510
1/29/2019,11.85,11.88,11.72,11.88,1011500
1/30/2019,11.88,11.88,11.78,11.78,971710
1/31/2019,11.83,12.01,11.72,11.83,1569170
2/1/2019,11.74,11.88,11.74,11.83,985310
2/11/2019,11.92,12.19,11.88,12.19,1946520
2/12/2019,12.19,12.46,12.15,12.31,3517680
2/13/2019,12.35,12.46,12.31,12.33,2327970
2/14/2019,12.28,12.37,12.26,12.28,1420580
2/15/2019,12.24,12.31,12.12,12.17,1828720
2/18/2019,12.31,12.35,12.22,12.28,1754600
2/19/2019,12.28,12.53,12.28,12.35,3414120
2/20/2019,12.35,12.51,12.35,12.46,2300940
2/21/2019,12.49,12.65,12.46,12.65,2871900
2/22/2019,12.69,12.83,12.56,12.8,3132140
2/25/2019,12.92,13.05,12.9,12.96,3266350
2/26/2019,12.83,13.01,12.76,12.92,2864370
2/27/2019,12.92,12.96,12.8,12.8,1240270
2/28/2019,12.78,12.92,12.58,12.65,2286310
3/1/2019,12.65,12.78,12.65,12.78,1042520
3/4/2019,12.83,13.12,12.83,13.1,2304530
3/5/2019,13.05,13.19,12.92,13.05,1955980
3/6/2019,13.14,13.14,12.94,13.05,902140
3/7/2019,12.94,13.17,12.94,13.03,1901510
3/8/2019,12.92,13.01,12.87,12.9,1704440
3/11/2019,12.9,12.96,12.8,12.96,1189010
3/12/2019,13.1,13.1,12.87,13.05,1009700
3/13/2019,13.1,13.35,13.1,13.33,2652480
3/14/2019,13.37,13.42,13.21,13.39,1013340
3/15/2019,13.37,13.37,13.21,13.37,1536660
3/18/2019,13.39,13.39,13.17,13.24,1496440
3/19/2019,13.28,13.33,13.1,13.1,1181940
3/20/2019,13.1,13.1,12.8,12.94,1405780
3/21/2019,12.94,12.96,12.37,12.37,1717850
3/22/2019,12.51,12.67,12.42,12.46,1225180
3/25/2019,12.15,12.28,12.06,12.15,1384910
3/26/2019,12.28,12.37,12.22,12.28,658870
3/27/2019,12.46,12.46,12.26,12.28,789100
3/28/2019,12.28,12.33,12.22,12.26,627460
3/29/2019,12.37,12.4,12.26,12.33,1415600
4/1/2019,12.42,12.6,12.35,12.56,1008960
4/2/2019,12.69,12.71,12.42,12.56,611580
4/3/2019,12.46,12.51,12.4,12.4,504110
4/4/2019,12.42,12.53,12.37,12.37,722050
4/5/2019,12.37,12.49,12.37,12.46,682690
4/8/2019,12.49,12.6,12.46,12.6,1140070
4/9/2019,12.65,12.71,12.6,12.69,1916970
4/10/2019,12.46,12.65,12.42,12.44,815830
4/11/2019,12.46,12.51,12.35,12.35,644980
4/12/2019,12.35,12.35,12.24,12.24,821470
4/16/2019,12.22,12.22,12.06,12.12,1117270
4/17/2019,12.12,12.24,12.01,12.03,1175220
4/18/2019,12.01,12.06,11.72,11.78,1877990
4/19/2019,11.94,11.97,11.76,11.78,730360
4/22/2019,11.65,11.76,11.33,11.42,2123060
4/23/2019,11.42,11.49,11.35,11.4,1678660
4/24/2019,11.51,11.67,11.47,11.65,767360
4/25/2019,11.65,11.65,11.51,11.56,1250190
4/26/2019,11.6,11.69,11.49,11.69,1668760
5/2/2019,11.72,11.81,11.6,11.6,949610
5/3/2019,11.51,11.74,11.51,11.74,1073340
5/6/2019,11.56,11.56,11.31,11.42,2714370
5/7/2019,11.56,11.58,11.24,11.29,2487300
5/8/2019,11.2,11.35,11.08,11.2,1412270
5/9/2019,11.26,11.31,11.1,11.15,994490
5/10/2019,11.2,11.4,11.15,11.35,1243710
5/13/2019,11.38,11.44,11.33,11.42,833800
5/14/2019,11.33,11.4,11.26,11.35,2523900
5/15/2019,11.47,11.74,11.38,11.67,2845830
5/16/2019,11.67,11.74,11.58,11.58,1080440
5/17/2019,11.58,11.74,11.56,11.65,2158380
5/20/2019,11.67,11.85,11.63,11.83,2948390
5/21/2019,11.88,11.92,11.76,11.81,1681390
5/22/2019,11.78,11.9,11.76,11.81,1638520
5/23/2019,11.65,11.81,11.65,11.81,1205860
5/24/2019,11.74,11.76,11.54,11.58,2089530
5/27/2019,11.58,11.6,11.49,11.49,749890
5/28/2019,11.47,11.49,11.35,11.42,1306060
5/29/2019,11.42,11.47,11.31,11.35,846830
5/30/2019,11.35,11.49,11.26,11.38,775200
5/31/2019,11.38,11.42,11.26,11.26,991780
6/3/2019,11.2,11.26,11.13,11.22,1180930
6/4/2019,11.26,11.29,11.13,11.24,694920
6/5/2019,11.4,11.4,11.26,11.26,855950
6/6/2019,11.24,11.29,11.08,11.2,1213200
6/7/2019,11.29,11.35,11.29,11.35,636810
6/10/2019,11.4,11.49,11.38,11.42,930960
6/11/2019,11.42,11.44,11.38,11.42,540470
6/12/2019,11.42,11.42,11.24,11.26,534380
6/13/2019,11.2,11.29,11.17,11.24,659000
6/14/2019,11.24,11.35,11.24,11.24,394640
6/17/2019,11.2,11.29,11.15,11.15,601620
6/18/2019,11.15,11.2,11.08,11.08,913790
6/19/2019,11.17,11.26,11.15,11.24,657740
6/20/2019,11.26,11.44,11.24,11.38,1391800
6/21/2019,11.38,11.51,11.38,11.38,1781100
6/24/2019,11.42,11.44,11.2,11.29,1910480
6/25/2019,11.22,11.33,11.22,11.26,714250
6/26/2019,11.22,11.31,11.22,11.24,1087470
6/27/2019,11.2,11.24,11.1,11.15,1492290
6/28/2019,11.24,11.24,11.13,11.24,611860
7/1/2019,11.35,11.38,11.24,11.33,952870
7/2/2019,11.33,11.35,11.2,11.22,524290
7/3/2019,11.29,11.29,11.2,11.26,477000
7/4/2019,11.26,11.47,11.22,11.42,1885770
7/5/2019,11.56,11.56,11.42,11.49,1942740
7/8/2019,11.49,11.49,11.33,11.38,984550
7/9/2019,11.35,11.4,11.26,11.35,999090
7/10/2019,11.35,11.44,11.29,11.29,939180
7/11/2019,11.38,11.4,11.33,11.38,876130
7/12/2019,11.44,11.49,11.33,11.35,1156910
7/15/2019,11.33,11.35,11.29,11.33,763410
7/16/2019,11.31,11.38,11.31,11.33,882190
7/17/2019,11.38,11.74,11.33,11.69,3708060
7/18/2019,11.58,11.67,11.56,11.58,1284250
7/19/2019,11.63,11.69,11.58,11.6,1471210
7/22/2019,11.51,11.54,11.29,11.35,1822990
7/23/2019,11.42,11.44,11.33,11.38,813110
7/24/2019,11.44,11.44,11.17,11.2,1523410
7/25/2019,11.17,11.24,11.01,11.04,1758090
7/26/2019,11.04,11.13,10.95,11.06,952890
7/29/2019,11.08,11.1,10.92,10.92,598420
7/30/2019,10.92,11.04,10.58,10.58,1418550
7/31/2019,10.47,10.58,10.38,10.52,1509590
8/1/2019,10.52,10.63,10.47,10.56,437780
8/2/2019,10.42,10.54,10.33,10.45,933330
8/5/2019,10.42,10.45,10.11,10.11,1436440
8/6/2019,9.88,9.93,9.75,9.81,1915860
8/7/2019,9.81,9.97,9.59,9.61,1813960
8/8/2019,9.61,9.84,9.41,9.61,2568910
8/9/2019,9.81,10.06,9.75,9.97,2182560
8/12/2019,10.02,10.09,9.88,10.04,1074610
8/13/2019,9.86,9.9,9.79,9.9,1114110
8/14/2019,9.97,9.99,9.86,9.88,1374140
8/15/2019,9.75,9.9,9.56,9.9,2236500
8/16/2019,9.9,10.33,9.84,10.09,2483530
8/19/2019,10.22,10.22,9.97,10.06,848650
8/20/2019,10.06,10.15,9.99,10.02,1288750
8/21/2019,9.97,10.2,9.95,10.2,2260760
8/22/2019,10.22,10.27,10.11,10.15,986320
8/23/2019,10.15,10.15,10.02,10.11,866610
8/26/2019,9.75,9.93,9.75,9.79,1704370
8/27/2019,9.86,9.88,9.68,9.7,1251600
8/28/2019,9.7,9.77,9.65,9.68,491400
8/29/2019,9.65,9.7,9.56,9.59,822670
8/30/2019,9.65,9.77,9.65,9.75,713630
9/3/2019,9.68,9.75,9.59,9.72,544160
9/4/2019,9.68,9.7,9.59,9.7,622780
9/5/2019,9.75,9.77,9.61,9.65,733580
9/6/2019,9.56,9.68,9.56,9.56,472420
9/9/2019,9.52,9.56,9.43,9.47,864150
9/10/2019,9.61,9.61,9.38,9.38,1105140
9/11/2019,9.43,9.45,9.34,9.41,569010
9/12/2019,9.45,9.52,9.41,9.45,681850
9/13/2019,9.47,9.75,9.45,9.68,2871350
9/16/2019,9.75,9.86,9.72,9.72,2321920
9/17/2019,9.72,9.81,9.65,9.81,1290550
9/18/2019,9.86,9.93,9.77,9.79,2024510
9/19/2019,9.86,9.86,9.7,9.86,1475040
9/20/2019,9.88,9.88,9.68,9.72,3372950
9/23/2019,9.79,9.81,9.68,9.68,1513730
9/24/2019,9.68,9.95,9.65,9.81,2397510
9/25/2019,9.79,9.86,9.72,9.81,1466500
9/26/2019,9.88,10.27,9.88,10.27,6380250
9/27/2019,10.31,10.54,10.24,10.52,4052950
9/30/2019,10.58,10.61,10.4,10.42,2832330
10/1/2019,10.38,10.52,10.36,10.49,2998990
10/2/2019,10.47,10.74,10.42,10.61,3730500
10/3/2019,10.49,10.65,10.42,10.61,2017010
10/4/2019,10.8,10.8,10.23,10.23,3431800
10/7/2019,10.25,10.32,9.99,9.99,1748860
10/8/2019,9.97,10.2,9.97,10.13,1284020
10/9/2019,10.18,10.23,10.04,10.09,1626100
10/10/2019,10.09,10.18,10.06,10.09,1479760
10/11/2019,10.11,10.13,10.04,10.09,1868890
10/14/2019,10.18,10.37,10.18,10.3,2618430
10/15/2019,10.35,10.35,10.2,10.23,1175550
10/16/2019,10.27,10.27,10.18,10.2,1399280
10/17/2019,10.2,10.2,10.09,10.11,1092380
10/18/2019,10.09,10.18,9.99,9.99,1287590
10/21/2019,9.9,9.94,9.85,9.85,1386210
10/22/2019,9.9,9.92,9.78,9.9,1056960
10/23/2019,9.87,9.94,9.85,9.85,736320
10/24/2019,9.9,10.09,9.87,10.09,1454750
10/25/2019,10.09,10.16,10.06,10.09,1154870
10/28/2019,10.18,10.25,10.06,10.06,1507540
10/29/2019,10.06,10.13,10.01,10.01,1162360
10/30/2019,10.01,10.13,10.01,10.11,1056930
10/31/2019,10.13,10.16,9.94,10.11,1786810
11/1/2019,10.09,10.27,10.01,10.18,3104820
11/4/2019,10.23,10.35,10.2,10.3,3298180
11/5/2019,10.35,10.39,10.3,10.32,2130290
11/6/2019,10.32,10.35,10.25,10.27,1545130
11/7/2019,10.27,10.51,10.25,10.44,2939090
11/8/2019,10.53,10.56,10.39,10.44,2388020
11/11/2019,10.44,10.44,10.27,10.27,1804140
11/12/2019,10.27,10.37,10.25,10.25,1526400
11/13/2019,10.27,10.3,10.18,10.25,1294780
11/14/2019,10.23,10.27,10.09,10.16,1586090
11/15/2019,10.13,10.16,9.99,9.99,1624740
11/18/2019,10.01,10.04,9.92,9.94,1089630
11/19/2019,9.94,10.06,9.94,9.99,904070
11/20/2019,10.01,10.01,9.9,9.9,1248390
11/21/2019,9.9,9.9,9.66,9.66,2083430
11/22/2019,9.75,9.78,9.49,9.52,1895590
11/25/2019,9.56,9.61,9.49,9.59,954610
11/26/2019,9.61,9.66,9.47,9.47,1658300
11/27/2019,9.52,9.52,9.4,9.4,1816170
11/28/2019,9.42,9.47,9.35,9.4,1132110
11/29/2019,9.4,9.45,9.37,9.37,1003800
12/2/2019,9.37,9.45,9.23,9.23,1531820
12/3/2019,9.11,9.28,9.11,9.14,1208130
12/4/2019,9.16,9.37,9.14,9.37,1058620
12/5/2019,9.42,9.47,9.28,9.28,718100
12/6/2019,9.3,9.33,9.23,9.23,606440
12/9/2019,9.23,9.4,9.21,9.28,842290
12/10/2019,9.28,9.28,9.04,9.09,1237160
12/11/2019,9.07,9.14,8.88,9,1402910
12/12/2019,9.07,9.19,8.97,9.19,1480900
12/13/2019,9.23,9.26,9.09,9.09,1035860
12/16/2019,9.09,9.14,9,9.02,826290
12/17/2019,9.04,9.07,8.83,8.83,1565970
12/18/2019,8.88,8.93,8.71,8.71,1375490
12/19/2019,8.71,8.81,8.57,8.57,992680
12/20/2019,8.62,8.74,8.57,8.66,1297840
12/23/2019,8.66,8.76,8.66,8.69,1083840
12/24/2019,8.66,8.74,8.62,8.69,879570
12/25/2019,8.69,8.69,8.59,8.62,915210
12/26/2019,8.59,8.66,8.57,8.64,712470
12/27/2019,8.59,8.64,8.55,8.57,1253730
12/30/2019,8.66,8.74,8.57,8.59,1089430
12/31/2019,8.59,8.62,8.55,8.55,1060150
1/2/2020,8.57,8.71,8.55,8.71,991450
1/3/2020,8.76,8.81,8.59,8.64,703890
1/6/2020,8.59,8.66,8.55,8.62,1348120
1/7/2020,8.62,8.66,8.59,8.64,643090
1/8/2020,8.55,8.57,8.31,8.4,2622960
1/9/2020,8.5,8.55,8.45,8.5,1149130
1/10/2020,8.52,8.69,8.48,8.66,2067400
1/13/2020,8.62,8.76,8.62,8.66,1125380
1/14/2020,8.66,8.74,8.64,8.71,1066740
1/15/2020,8.74,8.74,8.66,8.71,830260
1/16/2020,8.71,9.04,8.71,9.04,2384770
1/17/2020,9.09,9.23,9,9.11,2832740
1/20/2020,9.11,9.11,9,9.11,1288010
1/21/2020,9.04,9.21,9.02,9.11,1541100
1/22/2020,9.11,9.19,9.07,9.14,1729500
1/30/2020,8.97,8.97,8.57,8.76,2412920
1/31/2020,8.57,8.66,8.17,8.38,4457280
2/3/2020,7.95,8.1,7.81,8.07,3144570
2/4/2020,8.1,8.17,7.95,8.05,1782240
2/5/2020,8.1,8.17,8,8.03,2164080
2/6/2020,8.05,8.38,8,8.38,2870780
2/7/2020,8.38,8.5,8.29,8.38,2561750
2/10/2020,8.14,8.33,7.95,8.31,775620
2/11/2020,8.31,8.33,8.24,8.26,1521880
2/12/2020,8.29,8.43,8.29,8.43,2789960
2/13/2020,8.33,8.38,8.31,8.33,1264660
2/14/2020,8.33,8.45,8.29,8.43,1102790
2/17/2020,8.43,8.5,8.36,8.36,1955060
2/18/2020,8.38,8.38,8.24,8.31,1478110
2/19/2020,8.33,8.36,8.26,8.33,1668460
2/20/2020,8.38,8.45,8.29,8.33,1664520
2/21/2020,8.33,8.36,8.26,8.26,1197860
2/24/2020,8.07,8.12,7.69,7.69,3482920
2/25/2020,7.5,7.79,7.5,7.77,1693240
2/26/2020,7.58,7.91,7.53,7.62,1038320
2/27/2020,7.58,7.81,7.55,7.81,1490420
2/28/2020,7.65,7.67,7.48,7.53,1987700
3/2/2020,7.6,7.62,7.46,7.48,2114140
3/3/2020,7.62,7.69,7.55,7.55,2088500
3/4/2020,7.58,7.79,7.53,7.69,2852970
3/5/2020,7.84,8.03,7.79,7.95,3298460
3/6/2020,7.93,7.93,7.79,7.91,1362870
3/9/2020,7.36,7.48,7.36,7.36,3576610
3/10/2020,7.05,7.41,7.05,7.36,3374030
3/11/2020,7.48,7.5,6.87,6.87,3614130
3/12/2020,6.53,6.63,6.39,6.42,4606030
3/13/2020,6.01,6.51,6.01,6.3,4484960
3/16/2020,6.39,6.44,6.25,6.3,2897920
3/17/2020,6.2,6.72,6.06,6.72,4834780
3/18/2020,6.82,6.82,6.44,6.49,3190370
3/19/2020,6.34,6.58,6.3,6.49,2568540
3/20/2020,6.63,6.65,6.44,6.56,2868770
3/23/2020,6.25,6.34,6.11,6.11,3296350
3/24/2020,6.13,6.16,5.78,5.92,3009990
3/25/2020,6.16,6.32,6.04,6.32,2376040
3/26/2020,6.25,6.27,6.11,6.13,1256940
3/27/2020,6.16,6.18,5.85,5.85,2469460
3/30/2020,5.63,5.63,5.44,5.44,2427550
3/31/2020,5.54,5.66,5.26,5.49,1680730
4/1/2020,5.49,5.87,5.49,5.87,3715270
4/3/2020,6.11,6.27,6.06,6.27,4544530
4/6/2020,6.61,6.7,6.53,6.7,5473010
4/7/2020,6.87,6.89,6.63,6.7,6377610
4/8/2020,6.58,6.87,6.44,6.79,4091610
4/9/2020,7.14,7.25,7.11,7.25,5507100
4/10/2020,7.3,7.47,7.14,7.3,3233820
4/13/2020,7.22,7.36,7.14,7.22,3573400
4/14/2020,7.17,7.25,7,7.25,3902110
4/15/2020,7.3,7.39,7.25,7.33,3075990
4/16/2020,7.25,7.44,7.19,7.33,2603060
4/17/2020,7.41,7.58,7.39,7.47,3936040
4/20/2020,7.5,7.58,7.39,7.52,3326260
4/21/2020,7.3,7.39,7,7.06,4437860
4/22/2020,6.87,7.39,6.87,7.3,3435210
4/23/2020,7.41,7.58,7.3,7.3,2594810
4/24/2020,7.28,7.33,7.17,7.28,1507530
4/27/2020,7.33,7.33,7.17,7.19,2112890
4/28/2020,7.19,7.19,7.03,7.11,2587110
4/29/2020,7.14,7.19,7.08,7.14,1454150
5/4/2020,7.08,7.14,6.98,6.98,2180310
5/5/2020,6.98,7.08,6.92,6.95,1667710
5/6/2020,7,7.14,6.98,7.11,1675700
5/7/2020,7.11,7.25,7.08,7.25,2332040
5/8/2020,7.25,7.58,7.25,7.41,7919390
5/11/2020,7.52,7.77,7.5,7.77,6209600
5/12/2020,7.69,7.88,7.58,7.8,3956090
5/13/2020,7.69,7.85,7.52,7.72,5490540
5/14/2020,7.61,8.05,7.61,7.83,5857120
5/15/2020,7.88,7.94,7.63,7.66,3732360
5/18/2020,7.66,7.8,7.61,7.77,2313840
5/19/2020,7.96,8.02,7.8,7.85,6873020
5/20/2020,7.83,7.91,7.8,7.85,2577550
5/21/2020,7.94,7.96,7.8,7.88,3314490
5/22/2020,7.8,8.07,7.74,7.85,7455010
5/25/2020,7.91,8.02,7.85,7.99,6022830
5/26/2020,8.07,8.46,8.05,8.43,8120570
5/27/2020,8.51,8.54,8.18,8.18,7938010
5/28/2020,8.18,8.29,8.13,8.16,4876490
5/29/2020,8.13,8.18,8.05,8.13,3573780
6/1/2020,8.18,8.4,8.16,8.35,4455460
6/2/2020,8.4,8.43,8.24,8.27,6106810
6/3/2020,8.29,8.35,8.24,8.35,3251400
6/4/2020,8.49,8.76,8.49,8.62,9360040
6/5/2020,8.62,8.68,8.51,8.62,5731890
6/8/2020,8.9,8.9,8.73,8.81,5993130
6/9/2020,8.95,8.95,8.68,8.71,6435790
6/10/2020,8.65,8.84,8.46,8.79,6544090
6/11/2020,8.79,8.9,8.18,8.18,9349070
6/12/2020,8.02,8.51,7.85,8.51,7587730
6/15/2020,8.51,8.54,7.94,7.94,7253720
6/16/2020,8.24,8.38,8.1,8.35,5005720
6/17/2020,8.32,8.38,8.16,8.24,2911920
6/18/2020,8.07,8.24,8.07,8.24,1838500
6/19/2020,8.24,8.4,8.18,8.4,4986110
6/22/2020,8.35,8.51,8.21,8.35,3766890
6/23/2020,8.49,8.92,8.49,8.84,14025040
6/24/2020,8.84,8.98,8.62,8.65,5975970
6/25/2020,8.6,8.71,8.46,8.68,3914840
6/26/2020,8.73,8.9,8.49,8.51,4919890
6/29/2020,8.51,8.51,8.05,8.13,7502050
6/30/2020,8.35,8.38,7.94,8.13,3781930
7/1/2020,8.21,8.46,8.1,8.4,3435740
7/2/2020,8.35,8.4,8.27,8.32,2325600
7/3/2020,8.4,8.4,8.29,8.32,2288480
7/6/2020,8.4,8.57,8.32,8.57,3984350
7/7/2020,8.6,8.71,8.51,8.54,4850680
7/8/2020,8.51,8.62,8.43,8.62,2493090
7/9/2020,8.73,8.79,8.62,8.71,4876340
7/10/2020,8.65,8.87,8.65,8.76,9082870
7/13/2020,8.84,8.92,8.71,8.76,5298630
7/14/2020,8.73,9.17,8.73,9.17,9138070
7/15/2020,9.23,9.23,9.06,9.09,4340580
7/16/2020,9.12,9.17,9.06,9.12,3531900
7/17/2020,9.09,9.31,9.06,9.17,6824380
7/20/2020,9.35,9.35,9.03,9.03,6438130
7/21/2020,9.14,9.17,8.82,8.91,6953920
7/22/2020,9,9.03,8.79,8.79,3959010
7/23/2020,8.82,8.85,8.68,8.7,4378660
7/24/2020,8.68,8.7,8.15,8.35,9774930
7/27/2020,7.89,8.18,7.77,7.77,8310880
7/28/2020,8.06,8.3,7.8,8.3,6648230
7/29/2020,8.18,8.18,7.74,7.92,6325100
7/30/2020,7.95,8.12,7.95,8.03,2699550
7/31/2020,7.83,8.06,7.8,7.92,2832300
8/3/2020,7.89,8.3,7.89,8.24,5017010
8/4/2020,8.38,8.44,8.21,8.38,4642760
8/5/2020,8.3,8.59,8.27,8.47,4672060
8/6/2020,8.44,8.5,8.35,8.38,4168520
8/7/2020,8.38,8.44,8.3,8.32,2562160
8/10/2020,8.47,8.53,8.41,8.41,3288010
8/11/2020,8.5,8.62,8.41,8.59,5313900
8/12/2020,8.62,8.65,8.47,8.56,2877790
8/13/2020,8.68,8.7,8.53,8.68,3734680
8/14/2020,8.65,8.7,8.44,8.53,4301340
8/17/2020,8.53,8.53,8.32,8.47,3811840
8/18/2020,8.47,8.53,8.38,8.41,1931160
8/19/2020,8.38,8.53,8.38,8.5,2670190
8/20/2020,8.5,8.53,8.38,8.38,2703510
8/21/2020,8.44,8.59,8.38,8.59,3758250
8/24/2020,8.68,8.82,8.62,8.76,7044900
8/25/2020,8.85,8.91,8.73,8.76,4611300
8/26/2020,8.79,8.88,8.73,8.79,5419820
8/27/2020,8.79,8.85,8.73,8.82,3711300
8/28/2020,8.91,9,8.82,8.82,5869960
8/31/2020,8.85,8.91,8.68,8.7,3994730
9/1/2020,8.68,8.82,8.65,8.82,3449300
9/3/2020,8.97,8.97,8.82,8.91,4876180
9/4/2020,8.76,9.17,8.68,9,9713580
9/7/2020,9.06,9.26,8.94,8.97,9582630
9/8/2020,9.03,9.23,8.94,9.23,6831470
9/9/2020,9.06,9.29,9.03,9.26,7044490
9/10/2020,9.32,9.43,9.26,9.26,8787650
9/11/2020,9.23,9.32,9.17,9.2,4402790
9/14/2020,9.26,9.29,9.14,9.2,4644580
9/15/2020,9.23,9.43,9.2,9.23,7005050
9/16/2020,9.23,9.41,9.23,9.29,3807390
9/17/2020,9.32,9.38,9.23,9.35,6000380
9/18/2020,9.35,9.61,9.32,9.52,7903190
9/21/2020,9.61,9.79,9.55,9.64,8122870
9/22/2020,9.55,9.7,9.55,9.67,6821140
9/23/2020,9.67,9.81,9.67,9.76,5699700
9/24/2020,9.7,9.81,9.64,9.67,4564860
9/25/2020,9.7,9.73,9.49,9.61,7290520
9/28/2020,9.67,9.9,9.67,9.87,5215260
9/29/2020,9.96,10.02,9.76,9.79,6122220
9/30/2020,9.79,9.93,9.7,9.9,4432160
10/1/2020,9.99,10.52,9.93,10.4,10321030
10/2/2020,10.46,10.54,9.93,10.37,10961430
10/5/2020,10.54,10.69,10.4,10.66,6672820
10/6/2020,10.66,10.72,10.49,10.6,5228170
10/7/2020,10.52,10.6,10.4,10.43,5770720
10/8/2020,10.49,10.54,10.28,10.43,4663470
10/9/2020,10.52,10.66,10.43,10.52,3870610
10/12/2020,10.63,10.63,10.37,10.43,4849320
10/13/2020,10.43,10.49,10.25,10.25,4374250
10/14/2020,10.28,10.57,10.19,10.57,5379490
10/15/2020,10.69,10.72,10.54,10.6,4732880
10/16/2020,10.57,10.69,10.49,10.6,4444100
10/19/2020,10.69,10.92,10.6,10.72,9462400
10/20/2020,10.72,10.72,10.46,10.63,4191320
10/21/2020,10.63,10.69,10.34,10.34,7065620
10/22/2020,10.25,10.52,10.17,10.52,6686080
10/23/2020,10.57,10.6,10.34,10.46,4370330
10/26/2020,10.46,10.57,10.28,10.28,4731880
10/27/2020,10.22,10.31,10.05,10.05,5449930
10/28/2020,9.99,10.08,9.64,9.76,5918990
10/29/2020,9.64,9.99,9.61,9.99,4799470
10/30/2020,9.99,10.02,9.76,9.99,3028990
11/2/2020,9.99,10.02,9.87,10.02,1678320
11/3/2020,10.08,10.17,10.05,10.14,3118820
11/4/2020,10.14,10.25,10.08,10.22,4575940
11/5/2020,10.17,10.25,10.08,10.08,2486250
11/6/2020,10.08,10.14,9.96,10.02,1527160
11/9/2020,10.08,10.28,10.08,10.22,3963600
11/10/2020,10.37,10.54,10.28,10.34,8816320
11/11/2020,10.4,10.46,10.22,10.22,4848370
11/12/2020,10.28,10.34,10.19,10.22,3643040
11/13/2020,10.28,10.4,10.19,10.4,4197980
11/16/2020,10.52,10.57,10.34,10.34,6268580
11/17/2020,10.43,10.66,10.31,10.66,8582800
11/18/2020,10.66,10.87,10.63,10.75,7510860
11/19/2020,10.84,10.87,10.69,10.78,5201760
11/20/2020,10.78,10.81,10.57,10.63,6053890
11/23/2020,10.63,10.95,10.54,10.92,9362300
11/24/2020,10.98,11.16,10.87,11.07,10946270
11/25/2020,11.1,11.28,11.07,11.22,8630730
11/26/2020,11.16,11.28,11.01,11.19,5344370
11/27/2020,11.22,11.33,11.19,11.3,4608770
11/30/2020,11.33,11.45,11.22,11.25,6728330
12/1/2020,10.98,11.33,10.98,11.33,8794040
12/2/2020,11.33,11.6,11.3,11.51,7098230
12/3/2020,11.63,11.92,11.57,11.8,8053380
12/4/2020,11.8,11.86,11.68,11.71,6343360
12/7/2020,11.89,12.03,11.83,12.01,7082510
12/8/2020,12.06,12.82,12.06,12.79,11532900
12/9/2020,12.97,13.55,12.97,13.26,13762100
12/10/2020,13.26,13.58,13.09,13.32,9858070
12/11/2020,13.32,13.76,13.17,13.76,9023250
12/14/2020,14.02,14.69,14.02,14.69,11829490
12/15/2020,14.49,15.25,14.49,14.9,15342550
12/16/2020,14.96,15.07,14.61,14.63,14443400
12/17/2020,14.49,14.96,14.37,14.63,13209050
12/18/2020,14.84,15.66,14.69,15.66,14808270
12/21/2020,16.01,16.74,15.89,16.74,14052330
12/22/2020,16.91,17.5,16.62,17.29,12607350
12/23/2020,17.15,17.18,16.65,16.83,13975960
12/24/2020,16.77,16.83,15.66,16.56,15882040
12/25/2020,16.36,17.7,16.15,17.7,16010740
12/28/2020,18.52,18.84,18.17,18.69,12578470
12/29/2020,18.4,18.78,18.17,18.52,11912020
12/30/2020,18.34,18.67,18.11,18.4,10530310
12/31/2020,18.4,19.54,18.37,19.34,9645420
1/4/2021,20.16,20.21,19.75,19.75,9011500
1/5/2021,19.42,19.92,19.34,19.72,8624800
1/6/2021,19.98,20.42,19.28,19.86,10370000
1/7/2021,20.16,20.21,19.6,20.1,13783700
1/8/2021,20.33,20.39,19.6,19.95,11401100
1/11/2021,19.92,19.98,19.31,19.6,13473300
1/12/2021,19.4,20.16,18.99,19.92,16390400
1/13/2021,20.16,20.16,19.51,19.57,9755200
1/14/2021,19.57,20.91,19.28,20.65,22844000
1/15/2021,20.91,21.76,20.71,21.59,14649600
1/18/2021,21.56,21.59,21.06,21.21,11612500
1/19/2021,20.91,21.24,19.75,19.75,19694000
1/20/2021,19.98,20.16,18.43,19.45,14483300
1/21/2021,19.51,20.45,19.28,20.18,13084500
1/22/2021,19.98,20.27,19.51,19.72,11501200
1/25/2021,19.4,20.18,19.22,19.69,12151400
1/26/2021,19.54,19.63,18.46,18.69,10631800
1/27/2021,18.37,18.69,17.41,17.41,14058600
1/28/2021,16.21,16.5,16.21,16.21,18067700
1/29/2021,15.19,17.32,15.19,16.83,14006900
2/1/2021,16.77,17.23,15.66,15.66,15664500
2/2/2021,15.6,16.36,15.01,16.24,11603300
2/3/2021,16.65,17.35,16.36,17.35,14370500
2/4/2021,17.41,17.88,17.06,17.35,12070400
2/5/2021,17.47,18.4,17.38,18.4,12415200
2/8/2021,18.61,19.13,17.29,17.88,21430000
2/9/2021,17.88,18.64,17.29,18.55,15890800
2/17/2021,18.99,19.63,18.81,19.6,11244000
2/18/2021,19.57,19.72,19.13,19.45,14644800
2/19/2021,19.1,19.63,19.1,19.37,11921100
2/22/2021,19.37,19.72,19.1,19.19,13412000
2/23/2021,19.28,19.83,19.07,19.63,15568700
2/24/2021,20.01,20.13,19.28,19.54,14635500
2/25/2021,19.69,19.72,19.22,19.54,11141000
2/26/2021,19.1,19.51,19.05,19.4,13946600
3/1/2021,19.63,20.51,19.45,20.45,19294900
3/2/2021,20.74,20.74,20.24,20.48,12530900
3/3/2021,20.33,20.51,20.21,20.36,9827100
3/4/2021,20.42,20.42,19.28,19.54,15631000
3/5/2021,19.28,19.54,18.99,19.54,14142300
3/8/2021,19.95,20.13,19.48,19.6,10821800
3/9/2021,19.45,19.6,19.13,19.31,10483300
3/10/2021,19.22,19.42,18.87,19.34,10935600
3/11/2021,19.63,20.04,19.45,19.83,10817400
3/12/2021,19.83,19.92,19.51,19.57,6189600
3/15/2021,19.57,19.69,19.4,19.4,7094400
3/16/2021,19.34,19.4,18.93,19.1,12975900
3/17/2021,19.1,19.22,18.9,19.05,7522500
3/18/2021,19.4,19.57,19.28,19.45,7073300
3/19/2021,19.34,19.86,19.34,19.45,11156300
3/22/2021,19.63,19.72,19.4,19.51,7606900
3/23/2021,19.51,19.51,19.02,19.22,8829200
3/24/2021,18.9,19.13,18.11,18.29,13279700
3/25/2021,18.4,18.55,17.94,17.99,13265200
3/26/2021,17.91,18.17,17.18,18.05,10140300
3/29/2021,18.29,18.37,18.11,18.34,5694300
3/30/2021,18.64,18.64,18.23,18.58,7282100
3/31/2021,18.52,18.78,18.49,18.55,7641900
4/1/2021,18.58,19.83,18.55,19.83,21897600
4/2/2021,20.39,20.42,19.89,20.04,13802300
4/5/2021,20.45,20.74,20.1,20.45,18659500
4/6/2021,20.16,20.62,20.16,20.45,15886800
4/7/2021,20.45,20.74,20.33,20.65,13001600
4/8/2021,20.86,20.86,20.42,20.56,10999100
4/9/2021,20.51,20.86,20.45,20.59,11376200
4/12/2021,20.8,21.53,20.56,21.32,16962300
4/13/2021,21.53,21.56,20.53,20.8,17662700
4/14/2021,20.56,21.15,20.45,21,16502500
4/15/2021,21,21,20.27,20.36,18715900
4/16/2021,20.24,20.48,19.45,19.86,18210800
4/19/2021,20.16,20.33,19.75,20.33,11875700
4/20/2021,20.74,20.77,19.8,19.92,14901200
4/22/2021,19.63,19.86,18.55,18.55,14783000
4/23/2021,18.69,19.28,18.43,19.28,14676900
4/26/2021,19.28,19.34,18.46,18.52,9931300
4/27/2021,18.52,18.69,18.2,18.58,5350000
4/28/2021,18.58,19.02,18.52,18.75,8752800
4/29/2021,18.75,19.28,18.75,19.05,9170100
5/4/2021,18.58,19.22,18.46,19.22,9998200
5/5/2021,19.34,19.98,19.25,19.63,12386200
5/6/2021,19.51,19.83,19.13,19.19,10716100
5/7/2021,18.99,19.57,18.93,19.1,9370400
5/10/2021,18.99,20.39,18.87,20.27,22718700
5/11/2021,20.45,20.62,19.98,19.98,16042700
5/12/2021,19.92,20.36,19.86,20.33,10131500
5/13/2021,20.1,21.12,20.1,20.48,20974300
5/14/2021,20.74,20.97,20.48,20.62,13050200
5/17/2021,21.03,21.21,20.62,20.71,16948500
5/18/2021,20.68,20.97,20.39,20.59,11559500
5/19/2021,20.59,21.15,20.45,21.03,16376200
5/20/2021,21.15,22.49,21.03,22.49,28128900
5/21/2021,22.78,23.54,22.49,22.78,15936600
5/24/2021,22.9,23.28,22.55,23.25,16564900
5/25/2021,23.25,23.95,23.08,23.89,14778500
5/26/2021,23.84,24.36,23.66,23.92,13254600
5/27/2021,23.92,24.01,22.78,23.13,16156700
5/28/2021,23.31,24.48,23.08,24.42,17028000
5/31/2021,24.77,26,24.54,25.94,12192900
6/1/2021,26.29,26.46,25.3,25.53,12399700
6/2/2021,25.12,26.87,25.12,26.87,16616900
6/3/2021,27.87,28.74,27.46,28.57,14693000
6/4/2021,28.45,29.21,28.04,28.48,15977800
6/7/2021,28.16,28.8,26.58,27.55,23994300
6/8/2021,27.46,27.98,25.71,25.71,19617700
6/9/2021,26.06,27.49,25.12,27.28,21306400
6/10/2021,27.34,27.9,27.17,27.46,14900900
6/11/2021,27.22,29.33,27.11,29.27,22212500
6/14/2021,29.39,31.31,29.21,30.96,18579800
6/15/2021,30.96,31.86,30.67,30.96,14842900
6/16/2021,30.25,30.79,29.15,29.42,22090600
6/17/2021,28.64,30.61,28.64,30.07,10762100
6/18/2021,30.67,30.67,29.83,30.07,7798000
6/21/2021,29.83,30.07,29.12,29.18,12541700
6/22/2021,29.71,29.71,29.24,29.48,9039100
6/23/2021,29.48,30.25,29.3,29.71,9637700
6/24/2021,29.77,30.07,29.59,29.89,7398300
6/25/2021,30.07,31.98,30.01,31.98,23685000
6/28/2021,32.63,32.63,31.68,32.1,9639500
6/29/2021,32.1,33.23,31.92,32.51,10429100
6/30/2021,32.21,32.93,32.15,32.75,11623300
7/1/2021,33.35,34.66,32.99,34.24,13724500
7/2/2021,34.48,35.13,33.94,34.48,12668600
7/5/2021,34.12,34.3,32.63,33.64,18789800
7/6/2021,33.64,34.42,31.32,31.32,16593800
7/7/2021,31.56,32.45,30.07,32.45,18452600
7/8/2021,32.63,33.05,31.86,32.39,10311700
7/9/2021,31.98,32.75,31.02,31.32,13645400
7/12/2021,30.67,31.26,29.15,29.48,23911200
7/13/2021,30.01,30.84,29.33,30.84,12467000
7/14/2021,30.84,31.02,29.21,30.37,12030700
7/15/2021,29.77,31.98,29.77,31.98,13611900
7/16/2021,31.98,32.1,31.38,31.44,10805600
7/19/2021,30.37,30.84,29.36,29.36,16575100
7/20/2021,29.83,31.38,29.06,31.38,15305500
7/21/2021,31.32,31.56,30.61,30.67,9507600
7/22/2021,30.49,31.56,30.43,31.08,10004900
7/23/2021,30.84,31.2,30.13,30.13,12283900
7/26/2021,30.13,30.73,29.77,30.25,9710400
7/27/2021,30.84,31.8,30.73,30.96,14778900
7/28/2021,30.9,31.56,30.84,31.2,7034200
7/29/2021,31.56,32.15,31.38,32.15,12969400
7/30/2021,32.15,32.75,31.92,32.51,15168400
8/2/2021,32.21,33.11,32.15,32.75,15405800
8/3/2021,32.63,33.64,32.45,33.64,18144400
8/4/2021,34.12,34.12,33.46,33.82,11942000
8/5/2021,33.52,34.42,33.41,34.24,12213800
8/6/2021,34.06,34.36,33.58,33.58,16432800
8/9/2021,33.41,35.85,33.41,35.31,22821200
8/10/2021,35.85,35.91,35.13,35.37,12566600
8/11/2021,35.55,35.61,34.36,34.36,17689000
8/12/2021,34.18,35.07,34.18,34.36,13641400
8/13/2021,34.54,35.55,34.36,35.13,21481600
8/16/2021,36.5,37.22,36.26,36.98,16930200
8/17/2021,36.8,37.04,36.2,36.5,12968000
8/18/2021,36.26,37.22,35.85,35.85,17610600
8/19/2021,36.26,37.45,36.2,37.34,15710800
8/20/2021,37.34,37.81,36.14,37.22,26611200
8/23/2021,37.22,37.75,36.8,37.75,14406400
8/24/2021,37.51,37.87,35.55,36.44,23297300
8/25/2021,36.44,36.92,35.97,36.92,11074200
8/26/2021,36.92,37.1,35.55,36.38,12231000
8/27/2021,35.85,36.56,35.61,36.44,10605600
8/30/2021,36.68,37.22,36.14,37.16,12314000
8/31/2021,37.45,37.63,36.32,36.8,9650100
9/1/2021,36.5,36.92,36.26,36.44,9400800
9/6/2021,36.56,36.74,35.73,35.73,17069400
9/7/2021,36.03,36.56,35.61,35.97,24553700
9/8/2021,38.46,38.46,38.29,38.46,14560700
9/9/2021,38.59,39.37,38.03,38.2,20144300
9/10/2021,38.24,38.5,37.9,38.07,10409900
9/13/2021,38.07,38.07,37.11,37.9,12043700
9/14/2021,37.46,37.63,36.94,36.94,8359100
9/15/2021,36.5,37.5,36.42,37.29,7744800
9/16/2021,37.42,37.55,36.81,36.94,4853700
9/17/2021,36.98,38.2,36.77,37.37,14047100
9/20/2021,37.98,38.03,37.16,37.2,7586000
9/21/2021,36.94,37.11,36.33,36.59,9068100
9/22/2021,36.81,36.85,36.2,36.33,6579500
9/23/2021,36.5,37.11,36.33,36.42,5774900
9/24/2021,36.5,36.77,36.29,36.33,5155100
9/27/2021,36.33,36.46,34.77,34.77,10914300
9/28/2021,34.77,35.55,34.59,35.29,6877900
9/29/2021,35.2,35.24,34.59,34.85,5520900
9/30/2021,35.03,35.37,34.85,35.33,4365600
10/1/2021,34.94,35.11,34.07,34.07,10729800
10/4/2021,33.9,33.98,32.9,33.55,10207600
10/5/2021,34.29,35.37,34.07,35.11,9677500
10/6/2021,35.37,35.42,34.68,34.72,7264600
10/7/2021,34.77,35.59,34.55,35.37,8504400
10/8/2021,35.37,35.81,35.2,35.51,6802700
10/11/2021,35.64,36.42,35.64,36.42,8232600
10/12/2021,36.42,36.64,35.98,35.98,7551900
10/13/2021,35.98,36.29,35.64,35.64,7219600
10/14/2021,35.64,36.16,35.33,35.64,10561900
10/15/2021,35.81,35.98,35.37,35.42,6386300
10/18/2021,35.42,36.16,34.98,35.51,11323100
10/19/2021,35.64,36.24,35.46,35.55,8862700
10/20/2021,35.55,35.59,34.68,35.03,13477800
10/21/2021,35.11,35.16,34.51,34.51,10218000
10/22/2021,34.51,34.72,33.94,34.07,11207400
10/25/2021,33.9,33.98,33.12,33.29,15456100
10/26/2021,33.29,33.77,33.03,33.72,8808900
10/27/2021,33.9,35.2,33.81,35.11,12399100
10/28/2021,35.2,35.98,34.98,35.46,12968500
10/29/2021,35.51,35.64,34.94,35.2,11708600
11/1/2021,35.29,36.33,35.2,35.98,23755600
11/2/2021,36.07,36.94,35.98,36.81,18597700
11/3/2021,37.16,37.24,35.98,36.24,18570100
11/4/2021,36.33,38.16,36.24,37.37,24896200
11/5/2021,37.63,37.72,37.2,37.29,14206300
11/8/2021,37.63,39.07,37.46,38.68,31640500
11/9/2021,38.68,38.94,38.07,38.5,16144000
11/10/2021,38.68,39.72,38.5,38.85,19738700
11/11/2021,38.89,39.55,37.59,38.37,24636000
11/12/2021,38.59,39.29,38.29,38.76,12313600
11/15/2021,39.55,40.68,39.2,39.81,28456000
11/16/2021,39.29,39.85,38.68,38.89,16351800
11/17/2021,38.94,40.2,38.76,39.85,19988000
11/18/2021,42.07,42.63,40.85,42.63,40958900
11/19/2021,43.46,44.15,39.72,42.15,31044500
11/22/2021,42.15,43.37,41.63,42.24,20365200
11/23/2021,41.98,45.2,41.63,45.2,37416800
11/24/2021,46.07,47.28,45.8,46.24,23397200
11/25/2021,46.33,48.24,45.89,47.8,25420300
11/26/2021,47.54,48.15,46.07,46.5,30833000
11/29/2021,45.63,48.15,45.63,48.06,29749300
11/30/2021,49.37,50.15,47.8,48.59,23961600
12/1/2021,48.24,48.85,47.02,47.98,23255800
12/2/2021,47.8,48.5,46.93,46.93,21243400
12/3/2021,47.02,47.28,43.89,43.89,44930900
12/6/2021,43.98,45.46,42.59,44.33,31273800
12/7/2021,45.2,45.63,44.15,45.37,15874100
12/8/2021,45.63,45.98,45.02,45.02,13008700
12/9/2021,44.33,46.76,44.33,46.76,16383100
12/10/2021,46.67,46.76,45.72,46.07,13984900
12/13/2021,46.24,46.93,45.46,46.41,15527800
12/14/2021,46.33,46.85,45.72,45.8,14532300
12/15/2021,45.63,46.15,44.94,44.94,13911100
12/16/2021,45.11,45.2,43.89,44.24,22318500
12/17/2021,44.33,45.98,44.24,45.63,16143000
12/20/2021,45.63,47.37,45.28,46.5,18584000
12/21/2021,46.15,46.67,45.63,45.63,12291900
12/22/2021,45.63,45.89,44.15,44.41,22770800
12/23/2021,44.15,44.24,41.72,42.59,26281600
12/24/2021,42.76,43.41,42.07,42.63,8847400
12/27/2021,43.41,43.41,42.59,42.72,6529300
12/28/2021,42.85,43.07,42.42,42.42,9860100
12/29/2021,42.5,43.81,41.81,43.15,9809600
12/30/2021,43.63,45.89,43.54,45.72,16605600
12/31/2021,45.98,46.07,44.85,45.02,9609300
1/4/2022,45.63,46.41,45.11,46.07,16445000
1/5/2022,46.07,46.85,45.63,45.89,15701400
1/6/2022,45.54,46.07,45.11,45.11,13248000
1/7/2022,44.94,45.63,44.5,44.85,13974400
1/10/2022,44.85,45.2,43.07,43.07,17471200
1/11/2022,43.2,43.98,41.72,41.81,15601500
1/12/2022,42.15,43.89,41.81,43.89,15464300
1/13/2022,44.33,44.41,42.46,42.46,11392500
1/14/2022,42.11,42.98,41.98,42.33,6678400
1/17/2022,42.15,42.5,39.37,39.37,32346300
1/18/2022,38.5,39.2,36.64,36.77,15992300
1/19/2022,38.16,39.29,37.68,39.29,11085500
1/20/2022,39.46,40.16,38.63,39.72,9055600
1/21/2022,39.29,39.63,38.42,38.72,8527900
1/24/2022,38.07,38.5,36.03,36.03,18790500
1/25/2022,35.64,37.29,35.55,37.2,10236600
1/26/2022,37.37,37.72,36.85,36.9,8416100
1/27/2022,36.94,38.68,36.59,37.72,7544500
1/28/2022,37.63,39.16,37.55,39.16,7793600
2/7/2022,39.98,40.76,39.37,39.85,9690500
2/8/2022,39.55,40.07,39.11,39.68,6658100
2/9/2022,39.37,40.24,39.37,39.72,8230800
2/10/2022,39.81,39.89,38.76,39.2,6996200
2/11/2022,39.11,39.68,38.94,39.2,5557600
2/14/2022,38.68,38.85,37.9,37.9,10485300
2/15/2022,38.42,38.85,37.68,38.42,5733800
2/16/2022,38.85,39.2,38.5,39.03,4864700
2/17/2022,38.94,39.24,38.94,39.11,5870700
2/18/2022,38.68,39.81,38.59,39.29,9386200
2/21/2022,39.37,40.33,39.37,39.98,10975700
2/22/2022,39.37,39.72,38.68,39.11,7703800
2/23/2022,39.29,39.63,39.29,39.37,5632600
2/24/2022,39.2,39.98,37.77,38.76,12752500
2/25/2022,39.11,40.46,38.94,39.72,15679600
2/28/2022,39.81,40.5,39.68,39.72,7527000
3/1/2022,39.98,40.24,39.46,39.98,8804700
3/2/2022,39.63,39.85,38.72,38.94,12606700
3/3/2022,39.11,39.55,38.68,39.55,8443700
3/4/2022,39.98,41.2,39.94,40.5,20515200
3/7/2022,40.07,40.72,39.76,40.68,11608800
3/8/2022,40.42,41.89,40.07,40.85,24333500
3/9/2022,41.11,41.29,39.89,40.5,12310400
3/10/2022,41.55,41.55,40.5,40.5,8503400
3/11/2022,40.16,40.42,38.85,39.11,16762700
3/14/2022,38.76,38.94,37.29,37.55,16641300
3/15/2022,37.42,38.33,37.37,37.63,7812500
3/16/2022,37.81,38.63,37.72,38.07,7098600
3/17/2022,38.63,38.63,38.07,38.07,4717000
3/18/2022,38.2,38.68,37.98,38.07,7818900
3/21/2022,38.5,38.63,38.07,38.5,6957300
3/22/2022,38.5,38.94,38.42,38.55,6005800
3/23/2022,38.68,38.85,38.42,38.42,6329400
3/24/2022,38.63,38.63,38.03,38.07,7095000
3/25/2022,38.03,38.2,37.63,37.77,7927800
3/28/2022,37.29,37.59,36.33,36.72,10391600
3/29/2022,37.29,37.29,37.03,37.07,4100800
3/30/2022,36.59,37.55,36.55,36.77,6997900
3/31/2022,37.2,37.2,36.5,36.5,4239600
4/1/2022,36.5,37.29,35.98,37.29,7804400
4/4/2022,37.81,39.16,37.46,39.11,14810300
4/5/2022,38.94,39.46,38.46,38.5,7217300
4/6/2022,37.98,39.03,37.98,38.76,8151700
4/7/2022,38.76,39.42,38.29,38.29,9640400
4/8/2022,38.24,38.46,37.37,37.37,7310200
4/12/2022,37.46,37.72,36.16,36.33,7028900
4/13/2022,36.5,37.16,35.55,36.98,8424200
4/14/2022,37.33,37.33,36.42,36.5,4295500
4/15/2022,36.33,36.59,34.64,34.77,9691100
4/18/2022,34.16,34.77,32.33,32.59,16501500
4/19/2022,32.68,33.38,30.42,30.42,12058200
4/20/2022,30.38,31.29,30.16,30.59,10151300
4/21/2022,30.07,31.99,29.99,31.33,12545000
4/22/2022,31.72,31.85,30.42,31.33,7077100
4/25/2022,31.29,31.51,29.16,29.16,11146000
4/26/2022,28.25,29.99,27.25,29.99,12730000
4/27/2022,29.77,30.07,29.29,29.9,5114300
4/28/2022,29.81,30.12,28.94,29.12,6207900
4/29/2022,29.12,29.73,28.81,29.16,9311700
5/4/2022,29.16,29.38,27.81,27.81,7448400
5/5/2022,28.25,28.47,26.34,26.94,10130600
5/6/2022,26.07,26.68,25.08,25.08,15138700
5/9/2022,24.73,24.77,23.34,23.34,19409400
5/10/2022,22.6,24.38,22.55,24.25,15410200
5/11/2022,24.38,24.42,23.77,24.08,6152600
5/12/2022,23.68,23.95,22.42,22.42,15874500
5/13/2022,22.6,23.12,21.77,22.42,25052800
5/16/2022,23.82,23.99,23.64,23.73,18681800
5/17/2022,23.47,25.34,23.38,25.34,19673100
5/18/2022,25.38,26.03,24.86,24.9,24752200
5/19/2022,23.99,25.21,23.99,24.77,19089300
5/20/2022,25.03,25.64,24.68,24.73,16547700
5/23/2022,24.77,24.9,23.03,23.03,30832900
5/24/2022,22.95,24.42,21.86,24.42,21835700
5/25/2022,24.42,25.47,24.34,25.03,17343300
5/26/2022,25.12,26.25,25.03,25.6,29090600
5/27/2022,25.47,26.47,25.42,25.99,21093000
5/30/2022,26.12,26.68,25.64,25.99,14626400
5/31/2022,25.55,26.12,25.21,25.77,18324500
6/1/2022,25.64,25.99,24.94,25.68,14547600
6/2/2022,25.73,26.25,25.03,25.21,19231800
6/3/2022,25.03,25.81,25.03,25.42,17260500
6/6/2022,25.68,25.99,25.03,25.21,13164700
6/7/2022,24.94,25.16,23.68,24.51,18575400
6/8/2022,24.77,25.86,24.51,25.47,15160100
6/9/2022,25.51,25.73,25.08,25.21,7971900
6/10/2022,24.86,25.21,24.21,24.21,15662200
6/13/2022,23.03,23.47,22.55,22.55,20886700
6/14/2022,22.08,22.34,20.99,21.16,18121100
6/15/2022,21.29,21.51,19.69,19.69,19494300
6/16/2022,20.34,20.34,19.08,19.25,13558700
6/17/2022,18.12,18.69,17.9,17.9,20938200
6/20/2022,17.95,18.51,16.69,16.69,18264500
6/21/2022,15.95,17.3,15.69,15.91,24985100
6/22/2022,17.03,17.03,16.84,17.03,11892500
6/23/2022,17.32,17.8,17.22,17.8,13697300
6/24/2022,17.7,18.38,17.65,17.9,11929000
6/27/2022,18.04,19.1,17.9,19.1,13895600
6/28/2022,19.15,19.19,18.71,18.86,13211000
6/29/2022,18.57,19.43,18.47,19,14242800
6/30/2022,18.95,19.1,18.09,18.09,13242100
7/1/2022,17.94,19.05,17.27,18.95,15527500
7/4/2022,19.29,19.82,19.19,19.43,19712000
7/5/2022,19.39,19.58,18.95,18.95,14220100
7/6/2022,18.47,19.05,18.18,18.28,15164800
7/7/2022,18.09,18.47,17.94,18.38,9823100
7/8/2022,18.57,19.63,18.57,19.63,30285700
7/11/2022,19.67,20.35,19.15,19.87,26063700
7/12/2022,19.77,20.35,19.63,20.11,11926200
7/13/2022,20.11,20.3,19.53,19.92,17839400
7/14/2022,19.72,21.12,19.58,20.69,23495100
7/15/2022,20.78,20.93,20.3,20.3,16577600
7/18/2022,20.49,20.59,19.92,20.11,18016400
7/19/2022,19.87,20.11,19.34,19.87,19867100
7/20/2022,20.2,20.78,20.11,20.49,22292300
7/21/2022,20.4,20.78,20.3,20.49,15960000
7/22/2022,20.49,20.69,20.11,20.11,17909200
7/25/2022,19.92,20.25,19.53,19.67,18310100
7/26/2022,19.77,19.92,19.34,19.48,16457400
7/27/2022,19.24,19.63,19.05,19.63,17804700
7/28/2022,20.11,20.54,19.92,20.35,19481100
7/29/2022,20.49,20.83,20.25,20.54,20792200
8/1/2022,20.54,21.94,20.54,21.94,29169900
8/2/2022,22.13,22.75,22.03,22.32,35526300
8/3/2022,22.03,22.8,21.98,22.66,22269900
8/4/2022,22.9,22.99,22.13,22.66,20941700
8/5/2022,22.47,24.15,22.37,23.86,28994000
8/8/2022,24.2,24.39,23.43,23.72,21251600
8/9/2022,23.76,24,23.43,23.86,14949200
8/10/2022,23.62,24.05,23.52,23.62,14584500
8/11/2022,23.91,24.24,22.9,23.48,28045800
8/12/2022,23.43,23.96,23.14,23.96,17178600
8/15/2022,24.2,24.34,23.67,23.81,14575600
8/16/2022,23.81,24.05,23.52,23.67,11764700
8/17/2022,23.86,24.2,23.57,23.62,21210600
8/18/2022,23.38,24.53,23.38,24.15,28626400
8/19/2022,24.15,24.49,23.96,24.2,15752800
8/22/2022,24.2,24.39,23.67,23.76,16747900
8/23/2022,23.38,24.44,22.9,24.44,32424700
8/24/2022,24.68,24.73,24.2,24.29,13465300
8/25/2022,24.39,25.01,24.39,24.53,14782800
8/26/2022,24.53,24.68,23.86,23.86,23266700
8/29/2022,23.28,23.48,22.66,23.48,28608300
8/30/2022,23.72,23.86,22.99,23.04,12094600
8/31/2022,22.8,23.28,22.8,23.09,10846400
9/5/2022,23.19,23.38,22.8,22.8,10158000
9/6/2022,22.95,23.23,22.61,22.85,11026900
9/7/2022,22.8,23.04,21.7,21.7,23212800
9/8/2022,22.08,22.13,21.21,21.21,15977000
9/9/2022,21.17,21.36,20.49,21.36,33441100
9/12/2022,21.65,21.65,21.02,21.02,12029271
9/13/2022,21.02,21.21,20.4,20.83,18991201
9/14/2022,20.2,21.31,20.2,21.12,25870508
9/15/2022,21.26,21.26,20.78,20.83,9464833
9/16/2022,20.69,20.88,20.25,20.35,19474973
9/19/2022,20.35,20.35,19.15,19.15,22703393
9/20/2022,19.43,19.96,19.15,19.92,14155217
9/21/2022,19.72,20.01,19.58,19.77,8387044
9/22/2022,19.53,20.4,19.43,20.3,17213188
9/23/2022,20.2,20.49,19.77,19.87,10820828
9/26/2022,19.29,19.53,18.52,18.76,22913771
9/27/2022,18.95,19.24,18.76,18.81,10959109
9/28/2022,18.66,19.29,18.66,19,14124309
9/29/2022,19.43,19.43,18.57,18.57,11345289
9/30/2022,18.42,19.05,17.61,19.05,20634026
10/3/2022,18.86,18.91,17.75,17.75,15848709
10/4/2022,18.18,18.38,16.93,17.13,15617899
10/5/2022,17.65,18.09,17.51,17.94,13621147
10/6/2022,17.94,17.94,16.74,16.74,12076517
10/7/2022,16.4,16.45,15.59,16.16,24137897
10/10/2022,16.12,17.03,15.92,16.74,17623829
10/11/2022,16.4,16.74,15.59,15.59,16408313
10/12/2022,15.78,16.64,15.63,16.6,18588833
10/13/2022,16.6,17.03,16.36,16.84,12489797
10/14/2022,17.32,17.7,17.13,17.22,22042281
10/17/2022,16.93,17.32,16.6,17.32,13718850
10/18/2022,17.7,17.8,17.03,17.13,18801382
10/19/2022,17.22,17.32,16.84,16.98,12348149
10/20/2022,16.84,17.17,16.6,16.74,11213582
10/21/2022,16.74,16.79,15.59,15.59,28080452
10/24/2022,15.68,15.78,14.53,14.53,23359518
10/25/2022,14.53,15.44,13.76,14.48,23004571
10/26/2022,14.72,15.01,14.14,14.29,9017548
10/27/2022,14.53,15.25,14.43,15.25,21715087
10/28/2022,15.59,15.78,15.25,15.3,16266271
10/31/2022,15.3,15.78,14.62,15.68,20504714
11/1/2022,15.97,16.4,15.68,16.31,22332388
11/2/2022,16.31,16.4,15.87,15.87,15914347
11/3/2022,15.59,16.16,15.54,15.87,11304424
11/4/2022,15.63,15.68,14.77,14.77,25314599
11/7/2022,14.67,14.91,13.76,13.76,21171194
11/8/2022,13.28,14.58,13.28,14.43,16384974
11/9/2022,14.58,15.01,14.34,14.34,8617953
11/10/2022,14.14,14.24,13.37,13.37,18409098
11/11/2022,13.76,14.05,13.28,13.57,19863544
11/14/2022,13.28,13.95,12.7,13.71,20564468
11/15/2022,13.47,13.71,12.8,13.37,24240654
11/16/2022,12.6,14.29,12.56,14.29,27004983
11/17/2022,14.58,15.25,14.53,15.2,23390279
11/18/2022,15.15,15.97,14.77,15.63,34602374
11/21/2022,15.83,15.87,15.35,15.49,12531382
11/22/2022,15.3,16.36,15.3,15.73,29659808
11/23/2022,15.59,15.83,15.2,15.2,13129687
11/24/2022,14.86,15.39,14.67,15.39,16228506
11/25/2022,15.78,16.45,15.54,16.45,22574403
11/28/2022,16.84,17.56,16.84,17.56,32648783
11/29/2022,17.8,18.42,17.32,18.23,32288900
11/30/2022,17.99,18.66,17.75,18.52,29652377
12/1/2022,18.76,18.91,17.51,17.51,37118572
12/2/2022,17.41,18.71,17.41,18.71,29334232
12/5/2022,19.53,20.01,19.05,20.01,35825207
12/6/2022,19.63,20.16,18.81,18.81,41346135
12/7/2022,18.81,19.19,18.18,18.52,21184943
12/8/2022,19,19.77,18.81,19.77,34626455
12/9/2022,19.92,20.01,19.15,19.48,18586212
12/12/2022,19.63,19.96,18.38,18.42,26516074
12/13/2022,18.42,19.63,18.14,19.63,25358006
12/14/2022,20.2,20.2,19.34,19.34,20746950
12/15/2022,19.34,19.58,19.19,19.48,15556861
12/16/2022,19.24,19.82,19.24,19.72,21452250
12/19/2022,19.72,21.02,19.58,19.72,41736057
12/20/2022,19.72,19.96,18.62,19.05,26814294
12/21/2022,19.43,19.43,17.75,18.57,26451679
12/22/2022,18.76,18.81,17.9,18.38,13112129
12/23/2022,18.28,18.38,17.56,17.61,11366142
12/26/2022,17.51,17.61,16.4,16.4,18634677
12/27/2022,16.36,17.51,16.36,17.51,14752039
12/28/2022,17.75,17.75,17.13,17.46,10981604
12/29/2022,17.32,17.56,16.93,16.93,8749452
12/30/2022,17.08,17.41,16.93,17.03,6423547
1/3/2023,17.13,18.18,17.13,18.18,18049157
1/4/2023,18.47,18.76,18.23,18.28,10683324
1/5/2023,18.42,18.62,17.99,18.57,13312385
1/6/2023,18.57,18.86,18.18,18.18,13146799
1/9/2023,18.38,18.62,18.14,18.28,9713876
1/10/2023,18.28,18.52,17.75,18.18,11626593
1/11/2023,18.33,19,18.33,18.57,13977594
1/12/2023,18.62,18.76,18.38,18.57,6544004
1/13/2023,18.76,19.1,18.38,18.47,14329689
1/16/2023,18.57,18.76,18.38,18.66,7332385
1/17/2023,18.86,19.63,18.76,19.63,21998730
1/18/2023,19.72,20.2,19.53,19.77,19374325
1/19/2023,19.67,20.44,19.63,20.4,26459088
1/27/2023,20.69,20.78,20.06,20.16,19465713
1/30/2023,20.16,20.88,19.92,20.2,19245120
1/31/2023,20.35,20.83,20.06,20.78,17930413
2/1/2023,20.88,21.02,19.34,19.39,26561576
2/2/2023,19.53,19.63,19.15,19.39,12001258
2/3/2023,19.34,19.53,18.86,19,13220810
2/6/2023,18.86,19.24,18.66,19.24,11554499
2/7/2023,19.34,19.58,18.33,18.33,17392430
2/8/2023,18.66,18.95,17.99,18.76,12543367
2/9/2023,18.71,19,18.57,18.62,7435428
2/10/2023,18.62,18.86,18.14,18.28,9540041
2/13/2023,18.23,18.28,17.46,17.8,11363805
2/14/2023,18.04,18.18,17.8,18.18,6182287
2/15/2023,18.18,18.62,18.09,18.38,10346233
2/16/2023,18.57,18.76,18.42,18.76,9830320
2/17/2023,18.71,18.91,18.47,18.71,8056100
2/20/2023,18.71,19.96,18.66,19.96,23660400
2/21/2023,20.01,20.16,19.67,19.67,14064157
2/22/2023,19.43,19.63,18.57,18.57,24072319
2/23/2023,18.57,18.95,18.09,18.95,17949009
2/24/2023,19,19,18.28,18.28,7727509
2/27/2023,18.09,18.18,17.56,17.56,14837184
2/28/2023,17.9,18.04,17.51,17.56,11910500
3/1/2023,17.61,18.28,17.46,18.23,11381711
3/2/2023,18.28,18.38,17.94,17.94,5342534
3/3/2023,18.14,18.14,17.75,17.75,7384212
3/6/2023,18.14,18.47,18.04,18.04,10341363
3/7/2023,18.28,18.76,18.09,18.66,16206047
3/8/2023,18.38,19.05,18.28,19.05,14658207
3/9/2023,19.05,19.34,19,19.05,17712684
3/10/2023,18.81,19.1,18.71,19.05,13376398
3/13/2023,18.81,19.19,18.47,18.91,20543615
3/14/2023,18.91,18.95,18.28,18.33,15081817
3/15/2023,18.91,19.58,18.76,19.58,28464023
3/16/2023,19.43,19.87,19.39,19.39,19595333
3/17/2023,19.63,19.72,19.29,19.53,19304021
3/20/2023,19.43,19.48,18.76,18.76,18550666
3/21/2023,18.95,19.24,18.62,19.24,17549722
3/22/2023,19.39,19.53,19.1,19.1,12305772
3/23/2023,18.95,19.63,18.91,19.58,17495900
3/24/2023,19.67,19.87,19.63,19.67,18618046
3/27/2023,19.72,20.59,19.67,20.2,23499633
3/28/2023,20.4,20.49,19.96,20.01,18889085
3/29/2023,20.01,20.3,19.96,20.25,15839596
3/30/2023,20.69,20.88,20.16,20.16,23217412
3/31/2023,20.25,20.88,20.06,20.69,31987854
4/3/2023,21.17,21.31,21.07,21.17,31841539
4/4/2023,21.26,21.84,20.97,21.65,31011591
4/5/2023,21.55,21.74,21.26,21.65,18377358
4/6/2023,21.79,22.13,21.02,21.02,25229941
4/7/2023,21.07,21.65,20.93,21.65,25290106
4/10/2023,21.89,22.32,21.41,21.55,26260431
4/11/2023,21.55,21.74,20.97,21.74,25251784
4/12/2023,21.74,21.84,21.12,21.17,17025851
4/13/2023,21.26,21.41,20.83,20.93,17749732
4/14/2023,21.07,21.21,20.4,20.4,26945252
4/17/2023,20.4,20.69,20.35,20.54,12905735
4/18/2023,20.64,20.93,20.35,20.93,19093595
4/19/2023,20.97,21.02,20.44,20.49,13631916
4/20/2023,20.4,20.59,20.25,20.3,9549796
4/21/2023,20.59,21.36,20.54,20.83,30664870
4/24/2023,20.88,21.07,20.64,20.69,9654040
4/25/2023,20.83,20.88,20.16,20.3,18715864
4/26/2023,20.3,20.54,19.92,20.54,17555091
4/27/2023,20.59,20.64,20.3,20.35,9137445
4/28/2023,20.49,20.73,20.44,20.73,16661987
5/4/2023,20.54,21.07,20.49,20.93,16519160
5/5/2023,20.93,20.97,20.64,20.64,8505296
5/8/2023,20.83,21.45,20.78,21.45,28570923
5/9/2023,21.55,21.6,21.21,21.41,13216294
5/10/2023,21.41,21.84,21.41,21.65,19039489
5/11/2023,21.65,22.03,21.55,21.55,19760761
5/12/2023,21.5,22.37,21.45,22.37,27512666
5/15/2023,22.61,22.71,22.03,22.03,20850794
5/16/2023,22.03,22.27,21.98,22.03,19673645
5/17/2023,22.03,22.13,21.55,21.6,22651582
5/18/2023,21.74,22.27,21.6,21.94,27101111
5/19/2023,21.94,22.42,21.79,22.03,15669917
5/22/2023,22.22,22.32,21.98,22.03,14777225
5/23/2023,22.13,22.42,21.94,21.98,20311279
5/24/2023,22.27,22.32,21.84,21.84,24779875
5/25/2023,21.74,21.84,21.6,21.65,15723995
5/26/2023,21.7,21.84,21.65,21.7,8274343
5/29/2023,21.98,22.56,21.89,22.51,17601014
5/30/2023,22.61,22.71,22.22,22.47,14848746
5/31/2023,22.37,22.61,22.13,22.27,18629028
6/1/2023,22.32,22.71,22.18,22.56,16365685
6/2/2023,22.9,23.43,22.8,23.19,27310682
6/5/2023,23.52,23.67,22.99,23.19,18894386
6/6/2023,23.19,24.34,22.99,24.2,34333644
6/7/2023,24.2,24.44,23.96,24.15,18177686
6/8/2023,24.34,24.44,23.38,23.38,34760391
6/9/2023,23.57,24.29,23.33,24.29,22962251
6/12/2023,24.29,24.44,23.76,24.39,17312795
6/13/2023,24.53,24.73,24.15,24.39,18423638
6/14/2023,24.53,25.21,24.39,24.44,25257930
6/15/2023,24.53,24.82,24.49,24.73,14248439
6/16/2023,25.06,26.17,25.06,25.11,34458192
6/19/2023,25.3,25.69,25.11,25.4,15019524
6/20/2023,25.8,25.95,24.95,25.7,19257686
6/21/2023,25.7,26.2,25.6,26,19262449
6/22/2023,26.1,26.5,25.8,26.1,15250194
6/23/2023,26.1,26.2,25.75,26,12487115
6/26/2023,26,26.05,25.25,25.8,17388187
6/27/2023,25.85,26.75,25.8,26.6,20391359
6/28/2023,26.6,26.95,26.4,26.55,16426749
6/29/2023,26.65,26.65,25.45,25.45,19945873
6/30/2023,25.5,25.9,25.4,25.8,14519819
7/3/2023,26.05,26.1,25.65,25.7,13143988
7/4/2023,25.7,26.5,25.55,26.5,24386279
7/5/2023,26.7,26.7,26.2,26.2,15876698
7/6/2023,26.2,26.7,25.8,26.3,26810392
7/7/2023,26.1,26.45,25.65,26.45,14799372
7/10/2023,26.65,27.5,26.65,27.5,30641894
7/11/2023,27.4,28.45,27.4,28.05,27108971
7/12/2023,28.3,28.6,27.65,27.95,23050554
7/13/2023,28.25,28.5,28,28.4,16160710
7/14/2023,28.5,28.6,27.95,28.5,16106989
7/17/2023,28.55,29.2,28.55,28.8,14473721
7/18/2023,28.8,28.8,28.45,28.55,12419209
7/19/2023,28.6,28.9,28.45,28.5,10050455
7/20/2023,28.5,28.5,27.6,28,28837452
7/21/2023,28,28.8,27.85,28.75,16467602
7/24/2023,29.1,29.2,28.4,28.7,14538723
7/25/2023,28.7,29.1,28.5,28.8,14453145
7/26/2023,28.8,29.05,28.4,29,12783596
7/27/2023,29,29.7,28.9,29.45,16471380
7/28/2023,29.45,29.9,29.35,29.75,13134380
7/31/2023,29.95,30.2,29.35,29.65,15223920
8/1/2023,29.7,29.7,28.8,28.8,16381039
8/2/2023,28.7,29.15,28.6,29,11462854
8/3/2023,28.95,29.05,28.3,28.5,15214996
8/4/2023,28.5,29.4,28.5,29.2,14996375
8/7/2023,29.6,29.95,29.4,29.7,15098984
8/8/2023,29.85,29.85,29,29.1,11632979
8/9/2023,28.9,29.2,28.55,28.6,16623607
8/10/2023,28.6,28.85,28.1,28.1,23387174
8/11/2023,28.25,28.3,27.65,28.15,27539884
8/14/2023,28.45,29.4,28.1,29.15,30337854
8/15/2023,29.2,29.2,28.65,28.7,13187585
8/16/2023,28.65,29.15,28.45,28.85,14339261
8/17/2023,29.05,30.6,29.05,29.95,59173779
8/18/2023,29.7,30.4,28,28.3,46446022
8/21/2023,29,29.15,28.5,28.85,35544492
8/22/2023,29,30.7,27.85,30.7,51820376
8/23/2023,31,31.15,30.15,30.4,32905951
8/24/2023,30.3,32.1,30.15,32,38307085
8/25/2023,31.7,32.5,31.65,32.2,32442212
8/28/2023,32.3,32.7,32.1,32.45,26973007
8/29/2023,32.5,32.8,31.7,32.35,35207297
8/30/2023,32.4,33.9,32.1,33.5,24989416
8/31/2023,33.5,33.75,33.3,33.4,17644865
9/5/2023,33.6,33.7,32.8,33.35,27143413
9/6/2023,33.35,34.5,32.95,34,19664773
9/7/2023,34.1,34.15,33.3,33.65,21478871
9/8/2023,33.5,34.1,33.4,33.75,16661916
9/11/2023,34,34.35,33.4,33.5,34435379
9/12/2023,33.65,35.8,33.5,35.8,37141532
9/13/2023,36.2,36.6,35.5,35.8,35650752
9/14/2023,35.8,36.25,34.9,35.65,33918139
9/15/2023,35.9,36.05,35,35.5,23631935
9/18/2023,35,35.95,34.9,35.7,25493711
9/19/2023,35.8,36.2,35.2,36.2,19564239
9/20/2023,36.4,37,36.1,36.45,22959181
9/21/2023,36.4,36.45,34.75,34.75,49196697
9/22/2023,33.65,33.95,32.35,32.6,69569414
9/25/2023,32.2,33.1,30.35,30.35,42959790
9/26/2023,31,32.45,30.3,30.9,38712113
9/27/2023,31.7,33,30.9,33,32051921
9/28/2023,32.8,32.9,31.7,32.3,27918164
9/29/2023,32.9,32.9,31.8,31.8,19993319
10/2/2023,31.8,32.65,31.7,32.1,17216751
10/3/2023,31.6,31.65,30.1,30.2,42255212
10/4/2023,29.8,32.3,29.65,31.75,33566366
10/5/2023,31.9,32.4,31.5,31.65,22269067
10/6/2023,31.65,32.95,31.2,32.95,26504380
10/9/2023,32.9,33.5,32.4,33.2,21961842
10/10/2023,33.6,33.9,32.7,32.7,27785551
10/11/2023,32.8,34,32.55,34,23564775
10/12/2023,34.1,34.1,33.4,33.6,18154922
10/13/2023,33.3,34.1,33,33.55,22037049
10/16/2023,33.55,33.6,31.9,32.1,28369023
10/17/2023,32.4,32.9,31.45,31.45,19539356
10/18/2023,31.8,32.15,29.8,31.55,28502406
10/19/2023,31.55,31.75,29.8,30.1,28874775
10/20/2023,30.1,31.4,29.1,31.3,28203426
10/23/2023,30.6,31.35,30.4,30.6,15343055
10/24/2023,31,31.15,30.45,31.05,14257724
10/25/2023,31,31.55,30.8,30.8,14384788
10/26/2023,29.7,29.95,28.65,28.7,54169814
10/27/2023,29.25,29.8,28.75,29.45,20057135
10/30/2023,29,29.35,27.5,27.5,16795444
10/31/2023,27.55,27.9,25.65,25.75,36443865
11/1/2023,25.75,27.15,25.75,27.15,30981601
11/2/2023,27.6,29,27.5,28.9,27485870
11/3/2023,29,29.05,28.3,28.9,25389922
11/6/2023,29.15,29.3,28.8,29,17866096
11/7/2023,28.9,29.3,28.3,28.35,18334413
11/8/2023,28.35,30.3,28.3,30.3,31637254
11/9/2023,30.65,31.6,30.55,30.85,33989844
11/10/2023,30.6,31.9,30.55,30.8,32350824
11/13/2023,31,31.6,30.8,31.45,20870089
11/14/2023,31.95,32.2,31.35,31.75,23245528
11/15/2023,32.8,32.8,31.9,31.95,26914210
11/16/2023,31.9,32.3,31.35,32.3,19058368
11/17/2023,32.35,32.6,31.1,31.5,29295731
11/20/2023,30.7,32.7,30.65,32.4,26509391
11/21/2023,32.8,32.8,32.3,32.55,17294164
11/22/2023,32.5,32.95,32.3,32.9,22928145
11/23/2023,33.2,33.2,30.9,30.9,27088277
11/24/2023,31.25,32,30.7,32,24688304
11/27/2023,31.95,32,31,31,15104505
11/28/2023,31,31.5,30.2,31.4,21401318
11/29/2023,31.5,31.95,31.3,31.6,12218917
11/30/2023,31.6,32.15,31.3,31.3,16683603
12/1/2023,31.7,32.25,31.25,32,20047039
12/4/2023,32.9,34,32.55,33.6,45290639
12/5/2023,33.65,33.7,33.15,33.3,23481559
12/6/2023,33.35,33.85,33.25,33.6,17910458
12/7/2023,33.6,33.7,32.05,32.85,44220824
12/8/2023,32.7,33,32.3,32.6,18084242
12/11/2023,32.6,33.05,32.1,32.7,20001338
12/12/2023,32.8,33,32.5,32.6,12456871
12/13/2023,32.9,32.95,32,32,21552744
12/14/2023,32.5,32.5,31.9,32,15660959
12/15/2023,32.1,32.5,31.7,31.8,19873990
12/18/2023,31.85,32.15,31.65,31.7,11327005
12/19/2023,31.75,32.15,31.35,32.15,15690880
12/20/2023,32.15,32.6,31.95,32.3,13508830
12/21/2023,32.05,32.3,32,32.2,8085167
12/22/2023,32.35,32.95,32.2,32.35,17461200
12/25/2023,32.35,32.75,32.1,32.55,13956840
12/26/2023,32.6,32.9,32.5,32.75,14008666
12/27/2023,32.95,33.15,32.8,32.8,16105571
12/28/2023,32.85,33.15,32.65,33,10899256
12/29/2023,32.95,33.1,32.75,32.8,12793611
1/2/2024,33,33.2,32.5,32.5,18056240
1/3/2024,32.35,32.95,32.3,32.95,11410808
1/4/2024,33,34.2,33,33.6,58726383
1/5/2024,33.8,34.15,33.6,34.15,25144024
1/8/2024,34.45,34.5,34,34.1,20735618
1/9/2024,34.2,34.35,33.9,34,18989909
1/10/2024,33.95,34.05,33.35,33.7,23834249
1/11/2024,33.75,34.4,33.6,33.9,25477178
1/12/2024,33.6,34,33.35,33.85,25263290
1/15/2024,34,34.1,33,33,22252177
1/16/2024,33,33.5,32.75,33.5,19319481
1/17/2024,33.5,34.5,33.45,33.65,26225492
1/18/2024,33.8,34.05,33.65,33.8,14739610
1/19/2024,34,34.1,33.4,33.7,22395072
1/22/2024,33.9,34,33.4,33.95,16818935
1/23/2024,34,34.1,33.65,33.8,12568658
1/24/2024,33.75,34.4,33.7,34,27358980
1/25/2024,34.05,34.2,33.85,33.95,10944446
1/26/2024,34.15,34.35,33.95,34.1,14292358
1/29/2024,34.2,34.4,33.85,33.95,12263168
1/30/2024,33.85,34.15,33.8,34.15,11908039
1/31/2024,34.3,35.15,34.2,34.4,44828105
2/1/2024,34.45,34.85,34.4,34.65,11157027
2/2/2024,34.9,35.45,34.8,34.8,23513684
2/5/2024,34.8,35.15,34.5,34.95,19533742
2/6/2024,35.15,35.45,34.9,35,13200953
2/7/2024,35,35.35,34.9,35.1,15715732
2/15/2024,35.2,35.5,35,35.1,14894504
2/16/2024,35.35,35.4,34.9,35,18040913
2/19/2024,35,35.2,34.4,35.2,32840902
2/20/2024,35.65,35.8,35.25,35.3,18108398
2/21/2024,35.3,35.3,34.7,34.95,18558880
2/22/2024,34.85,34.95,34.55,34.65,14416824
2/23/2024,34.6,34.9,34.05,34.15,24151042
2/26/2024,34.1,35.35,34.05,35.1,26881680
2/27/2024,35.25,36.45,35.1,35.9,47053280
2/28/2024,36.1,36.25,35.65,36.1,26072310
2/29/2024,36.4,37.7,36.3,37,43202733
3/1/2024,37.4,37.7,37,37.35,21499365
3/4/2024,37.8,37.85,37,37.15,25354754
3/5/2024,37.15,37.45,36.65,37.4,31396834
3/6/2024,37.4,37.8,36.7,37.1,27687766
3/7/2024,37,37.95,36.85,37.7,34069906
3/8/2024,37.9,38.1,36.8,36.8,35890489
3/11/2024,36.8,37.15,36.2,36.35,24854489
3/12/2024,36.35,36.6,36.05,36.3,21933665
3/13/2024,36.4,38.1,36.3,37.95,35795637
3/14/2024,38.05,39,37.8,37.85,39376627
3/15/2024,37.8,37.9,37.1,37.8,27984321
3/18/2024,37.85,38,35.6,36.65,48630337
3/19/2024,36.7,37,36.15,36.15,14633252
3/20/2024,36.4,37.2,36.25,37.2,16369591
3/21/2024,37.95,38,37.5,37.65,27181801
3/22/2024,37.8,38.45,37.6,37.8,29828270
3/25/2024,37.85,38.3,37.3,37.5,24351652
3/26/2024,37.4,38.2,37.15,38,19519834
3/27/2024,38.3,38.5,37.9,38.5,18780855
3/28/2024,39,39.25,38.8,39.15,26426966
3/29/2024,39.05,39.1,38.5,38.5,17534673
4/1/2024,38.5,39.2,37.85,38.8,31100494
4/2/2024,38.3,39,38,38.9,21155300
4/3/2024,38.8,39.2,38,38.05,25759262
4/4/2024,38.05,38.2,37.65,37.65,24891684
4/5/2024,37.15,37.3,36.8,36.8,31254248
4/8/2024,36.8,37,36.65,36.7,12123079
4/9/2024,36.9,37.5,36.7,37.5,13239735
4/10/2024,37.6,37.6,36.95,36.95,8530255
4/11/2024,36.55,37.4,36.55,37.15,11891348
4/12/2024,37.35,37.8,37.05,37.55,19502433
4/15/2024,37.3,37.65,34.95,34.95,29945528
4/16/2024,35.1,35.3,34.1,35.2,32807259
4/17/2024,35.45,35.5,34.4,34.4,13937441
4/19/2024,33.95,34.8,33.05,33.2,29572429
4/22/2024,34.2,35.5,33.95,35.1,19504978
4/23/2024,35.1,35.3,34.3,34.5,16746317
4/24/2024,35,35.95,34.9,35.65,21331306
4/25/2024,35.65,35.65,35.1,35.35,10581757
4/26/2024,34.85,35.35,34.7,35.2,13823733
5/2/2024,35.2,35.3,34.3,34.7,12225106
5/3/2024,35.1,35.3,34.6,34.65,9167946
5/6/2024,35,36.05,34.95,35.65,16794167
5/7/2024,35.8,36,35.4,35.55,8277642
5/8/2024,35.2,35.9,35.1,35.65,13715391
5/9/2024,35.85,35.9,35.05,35.2,15346977
5/10/2024,35.3,35.5,35,35.45,12122246
5/13/2024,35.65,35.9,35.25,35.6,10277498
5/14/2024,35.65,35.9,35.35,35.5,7031709
5/15/2024,35.7,36.3,35.5,35.95,20299703
5/16/2024,36.35,36.4,36.05,36.1,13621354
5/17/2024,36.1,36.6,35.95,36.4,14819845
5/20/2024,36.6,37.1,36.5,36.65,19951399
5/21/2024,36.55,36.8,36.3,36.8,14042089
5/22/2024,36.8,37.35,36.4,36.45,22694009
5/23/2024,36.4,36.7,35.85,36.7,16685615
5/24/2024,36.3,36.45,34.8,35.25,28304549
5/27/2024,35.25,35.5,34.8,35.1,16847120
5/28/2024,35.3,35.6,35.15,35.6,13047528
5/29/2024,35.75,35.9,35.1,35.2,13097148
5/30/2024,35,35.05,34.3,34.85,18870788
5/31/2024,34.85,35,34.6,34.7,8444893
6/3/2024,35,35.6,35,35.4,12490121
6/4/2024,35.4,35.9,35.35,35.4,11444222
6/5/2024,35.45,35.8,35.4,35.4,14113081
6/6/2024,35.6,35.65,35.2,35.4,8637459
6/7/2024,35.65,35.65,35.3,35.45,6450773
6/10/2024,35.5,35.8,35.35,35.35,13317498
6/11/2024,35.5,35.8,35.25,35.8,14780527
6/12/2024,35.85,36.6,35.8,36.6,27353439
6/13/2024,36.8,36.9,36.35,36.5,13013699
6/14/2024,36.7,37.2,36.1,36.1,26745140
6/17/2024,36,36.25,35.75,35.9,12556329
6/18/2024,36.1,36.3,35.85,36.1,9696316
6/19/2024,36.2,36.3,35.8,36.2,9771991
6/20/2024,36.2,36.3,35.4,35.9,14280042
6/21/2024,35.8,36,35.5,35.5,9058648
6/24/2024,35.45,35.5,34.2,34.6,27194073
6/25/2024,34.6,34.85,34.4,34.55,6526985
6/26/2024,34.55,34.65,33.6,34.4,11520430
6/27/2024,34.3,34.55,34.1,34.3,5312071
6/28/2024,34.3,34.45,33.75,33.95,11367509
7/1/2024,34.05,34.1,33.45,33.9,7938015
7/2/2024,34.05,34.35,33.9,34.35,7216093
7/3/2024,34.35,34.6,34.35,34.45,5955115
7/4/2024,34.45,34.8,34.3,34.4,5768621
7/5/2024,34.4,34.65,34.15,34.65,7443387
7/8/2024,34.8,35.05,34.4,34.55,7630032
7/9/2024,34.6,34.9,34.3,34.65,10079685
7/10/2024,34.7,34.75,34.35,34.35,5766575
7/11/2024,34.6,35.15,34.45,34.8,11005047
7/12/2024,34.8,34.9,34.45,34.45,5111518
7/15/2024,34.7,34.7,34.3,34.3,3956074
7/16/2024,34.5,35,34.35,34.4,7481844
7/17/2024,34.6,34.95,33.95,34.15,14345234
7/18/2024,34.35,34.4,33.8,34.35,9455794
7/19/2024,34.7,35.2,34.5,34.8,17269020
7/22/2024,34.75,35.05,34.15,34.65,10114811
7/23/2024,34.65,34.75,33.85,33.85,12724986
7/24/2024,33.65,33.9,31.95,32.9,21943775
7/25/2024,32.3,32.65,31.8,31.9,16467648
7/26/2024,32.1,32.3,31.9,32.1,6997600
7/29/2024,32.35,32.55,32.2,32.2,5697800
7/30/2024,32.2,32.4,31.9,31.95,5987100
7/31/2024,32.2,32.3,31.7,31.8,7852600
8/1/2024,32.1,32.1,30,30.3,23876700
8/2/2024,29.85,31.35,29.75,31.25,15346200
8/5/2024,30.65,30.8,29.6,29.6,22026300
8/6/2024,30.3,31,29.65,30.6,17111000
8/7/2024,30.9,30.9,30.25,30.6,6527000
8/8/2024,30.3,30.7,29.9,30,11140000
8/9/2024,30.55,31.6,30.3,31.3,14921400
8/12/2024,31.6,32,31.2,32,11074900
8/13/2024,31.95,31.95,31.25,31.7,9397100
